{" ": {"A": 0.10296312086975058, "B": 0.09592837348113409, "C": 0.024728202941803452, "D": 0.052654018332978045, "E": 0.023129396717117886, "F": 0.011617991899381794, "G": 0.05617139202728629, "H": 0.054785759965892133, "I": 0.007887444041782135, "J": 0.06629716478362822, "K": 0.02227670006395225, "L": 0.04199531016840759, "M": 0.07780856960136431, "N": 0.01801321679812407, "O": 0.008526966531656363, "P": 0.05094862502664677, "R": 0.03144318908548284, "S": 0.03378810488168834, "T": 0.06512470688552548, "U": 0.00842037945001066, "V": 0.06235344276273715, "Y": 0.031869537412065656, "Z": 0.051268386271583886}, "A": {"B": 0.06836790393013101, "E": 0.037254366812227074, "G": 0.04694323144104803, "I": 0.04312227074235808, "K": 0.09661572052401747, " ": 0.030158296943231442, "L": 0.1037117903930131, "S": 0.04735262008733625, "M": 0.035207423580786025, "N": 0.13537117903930132, "R": 0.08487991266375546, "T": 0.05349344978165939, "Z": 0.02306222707423581, "H": 0.03384279475982533, "P": 0.013373362445414847, "D": 0.045715065502183405, "U": 0.008187772925764192, "J": 0.006550218340611353, "F": 0.003138646288209607, "Y": 0.003411572052401747, "C": 0.017057860262008735, "V": 0.045169213973799124, "A": 0.0008187772925764192, "W": 0.017194323144104802}, "B": {"A": 0.458502024291498, "K": 0.010121457489878543, "B": 0.0020242914979757085, "D": 0.02479757085020243, "E": 0.16295546558704455, "I": 0.09412955465587045, "G": 0.0005060728744939271, "U": 0.05263157894736842, "J": 0.0015182186234817814, "L": 0.027327935222672066, "O": 0.05921052631578947, "R": 0.06477732793522267, "S": 0.00708502024291498, "Y": 0.016194331983805668, "Z": 0.004554655870445344, "C": 0.0015182186234817814, "M": 0.0015182186234817814, "N": 0.004048582995951417, " ": 0.004048582995951417, "T": 0.0025303643724696357}, "O": {" ": 0.14959349593495935, "F": 0.07723577235772358, "V": 0.1826558265582656, "S": 0.05799457994579946, "E": 0.013550135501355014, "I": 0.008130081300813009, "L": 0.07506775067750678, "Y": 0.0032520325203252032, "W": 0.008672086720867209, "N": 0.061788617886178863, "D": 0.034688346883468835, "H": 0.01978319783197832, "K": 0.03685636856368564, "M": 0.02981029810298103, "R": 0.08970189701897019, "C": 0.015718157181571817, "T": 0.04010840108401084, "G": 0.02113821138211382, "P": 0.011653116531165311, "B": 0.03062330623306233, "O": 0.0016260162601626016, "Z": 0.016531165311653117, "U": 0.004336043360433604, "J": 0.009485094850948509}, "V": {" ": 0.6233333333333333, "S": 0.07649122807017544, "I": 0.09982456140350877, "Y": 0.017894736842105262, "E": 0.043859649122807015, "T": 0.007894736842105263, "A": 0.06719298245614035, "C": 0.002456140350877193, "D": 0.0043859649122807015, "G": 0.0022807017543859647, "H": 0.0005263157894736842, "K": 0.006842105263157895, "L": 0.011228070175438596, "R": 0.004561403508771929, "V": 0.0003508771929824561, "Z": 0.0007017543859649122, "U": 0.0012280701754385965, "O": 0.021403508771929824, "-": 0.0008771929824561404, "N": 0.0036842105263157894, "B": 0.0007017543859649122, "J": 0.0003508771929824561, "M": 0.0007017543859649122, "'": 0.0012280701754385965}, "G": {"Y": 0.006545454545454545, "A": 0.24654545454545454, "O": 0.1781818181818182, "I": 0.09527272727272727, "E": 0.07490909090909091, " ": 0.032, "D": 0.004363636363636364, "G": 0.002181818181818182, "L": 0.07054545454545455, "N": 0.005090909090909091, "R": 0.12581818181818183, "U": 0.14327272727272727, "Z": 0.002181818181818182, "M": 0.008727272727272728, "V": 0.0007272727272727272, "F": 0.0014545454545454545, "S": 0.0007272727272727272, "J": 0.0014545454545454545}, "Y": {"A": 0.2825, " ": 0.42041666666666666, "R": 0.013333333333333334, "L": 0.01125, "S": 0.04083333333333333, "Z": 0.014166666666666666, "U": 0.11833333333333333, "E": 0.004166666666666667, "B": 0.005, "M": 0.00625, "P": 0.002916666666666667, "T": 0.005416666666666667, "K": 0.02125, "N": 0.007916666666666667, "C": 0.01, "G": 0.01, "I": 0.0008333333333333334, "J": 0.0125, "D": 0.004583333333333333, "O": 0.00125, "H": 0.004166666666666667, "V": 0.0016666666666666668, "-": 0.00125}, "N": {" ": 0.3730438184663537, "I": 0.07902973395931143, "K": 0.11169796557120501, "O": 0.15805946791862285, "T": 0.03658059467918623, "S": 0.050078247261345854, "Y": 0.02445226917057903, "B": 0.006651017214397496, "A": 0.028169014084507043, "E": 0.04616588419405321, "G": 0.011150234741784037, "D": 0.030320813771517997, "C": 0.010367762128325509, "N": 0.009780907668231613, "U": 0.014671361502347418, "Z": 0.003325508607198748, "'": 0.0013693270735524257, "R": 0.000782472613458529, "V": 0.0005868544600938967, "M": 0.00019561815336463224, "-": 0.000782472613458529, "J": 0.0017605633802816902, "P": 0.0003912363067292645, "F": 0.0005868544600938967}, "I": {"D": 0.03727317312408043, "M": 0.05860716037273173, "Y": 0.009563511525257478, "H": 0.04291319274153997, "K": 0.13952918097106426, "N": 0.12996566944580676, "E": 0.041932319764590484, "L": 0.08337420304070622, "T": 0.07797940166748406, "P": 0.008582638548307995, "Z": 0.015939185875429134, "R": 0.04389406571848946, "B": 0.024521824423737126, "S": 0.06032368808239333, "C": 0.09097596861206474, "A": 0.012506130456105935, " ": 0.05125061304561059, "G": 0.02746444335458558, "U": 0.0031878371750858263, "V": 0.022069641981363415, "O": 0.005394801373222168, "-": 0.0007356547327121138, "J": 0.006866110838646395, "F": 0.004904364884747425, "I": 0.0002452182442373713}, "D": {"U": 0.08486238532110092, "Z": 0.06880733944954129, "A": 0.14392201834862386, "E": 0.14105504587155962, "I": 0.1353211009174312, "R": 0.05791284403669725, "Y": 0.052752293577981654, "J": 0.047591743119266054, "O": 0.14908256880733944, "D": 0.0011467889908256881, "L": 0.005160550458715597, "M": 0.007454128440366973, "N": 0.014334862385321102, "C": 0.007454128440366973, " ": 0.0194954128440367, "K": 0.03096330275229358, "T": 0.006880733944954129, "S": 0.01548165137614679, "B": 0.0034403669724770644, "V": 0.005733944954128441, "H": 0.0005733944954128441, "'": 0.0005733944954128441}, "U": {"L": 0.12674157303370787, "M": 0.027865168539325844, "S": 0.11730337078651686, "R": 0.1393258426966292, "H": 0.06112359550561798, "K": 0.10561797752808989, "B": 0.04764044943820225, "D": 0.05573033707865169, "G": 0.025168539325842697, "T": 0.06426966292134831, "Z": 0.06471910112359551, "N": 0.05887640449438202, " ": 0.004943820224719101, "F": 0.00943820224719101, "C": 0.012134831460674157, "P": 0.020224719101123594, "E": 0.019775280898876403, "J": 0.025168539325842697, "V": 0.007640449438202248, "I": 0.004943820224719101, "A": 0.0008988764044943821, "O": 0.00044943820224719103}, "L": {"I": 0.1940058008378988, "L": 0.026748308088946182, "A": 0.12407347728005157, "E": 0.15662262326780535, "K": 0.03609410248146955, "M": 0.012890750886239123, "O": 0.16596841766032872, "D": 0.018047051240734774, "B": 0.008701256848211408, "G": 0.008056719303899453, "H": 0.003222687721559781, "R": 0.0019336126329358686, " ": 0.02900418949403803, "S": 0.025459233000322268, "T": 0.025459233000322268, "Y": 0.07605543022881082, "F": 0.003544956493715759, "U": 0.05027392845633258, "N": 0.010957138253303255, "C": 0.014502094747019014, "P": 0.0012890750886239124, "Z": 0.0022558814050918467, "J": 0.0009668063164679343, "-": 0.0003222687721559781, "V": 0.0022558814050918467, "'": 0.0012890750886239124}, "M": {"O": 0.21533613445378152, "T": 0.007352941176470588, "A": 0.3009453781512605, "E": 0.08665966386554622, " ": 0.019432773109243698, "S": 0.023634453781512604, "C": 0.014180672268907563, "K": 0.014180672268907563, "Y": 0.01995798319327731, "B": 0.014180672268907563, "I": 0.15703781512605042, "U": 0.09243697478991597, "G": 0.0010504201680672268, "-": 0.0005252100840336134, "L": 0.01050420168067227, "M": 0.0031512605042016808, "R": 0.005252100840336135, "Z": 0.0005252100840336134, "P": 0.003676470588235294, "J": 0.0010504201680672268, "N": 0.007352941176470588, "D": 0.0015756302521008404}, "F": {" ": 0.5643939393939394, "I": 0.13257575757575757, "O": 0.04734848484848485, "E": 0.08333333333333333,