{
  " ": {
    "A": 0.18197573656845753,
    "B": 0.09243212016175621,
    "C": 0.009820912767186597,
    "D": 0.024263431542461005,
    "E": 0.029462738301559793,
    "F": 0.032351242056614674,
    "G": 0.016753321779318313,
    "H": 0.08723281340265743,
    "I": 0.024263431542461005,
    "K": 0.05141536683997689,
    "M": 0.09936452917388792,
    "N": 0.046216060080878106,
    "Q": 0.009820912767186597,
    "R": 0.036395147313691506,
    "S": 0.08954361640670133,
    "T": 0.03466204506065858,
    "W": 0.007510109763142692,
    "Z": 0.0439052570768342,
    "J": 0.02830733679953784,
    "L": 0.012131715771230503,
    "O": 0.008087810514153668,
    "P": 0.0005777007510109763,
    "U": 0.00462160600808781,
    "Y": 0.02830733679953784,
    "V": 0.0005777007510109763
  },
  "A": {
    "B": 0.06035437430786268,
    "D": 0.05426356589147287,
    "L": 0.11904761904761904,
    "S": 0.0753045404208195,
    "M": 0.09080841638981174,
    "R": 0.08250276854928018,
    "N": 0.06699889258028793,
    "T": 0.02547065337763012,
    " ": 0.07807308970099668,
    "W": 0.03045404208194906,
    "H": 0.08748615725359911,
    "G": 0.010520487264673311,
    "K": 0.02159468438538206,
    "I": 0.029346622369878183,
    "J": 0.017718715393133997,
    "A": 0.013289036544850499,
    "Z": 0.03765227021040975,
    "F": 0.02159468438538206,
    "Y": 0.024363233665559248,
    "V": 0.0011074197120708748,
    "U": 0.0011074197120708748,
    "Q": 0.003875968992248062,
    "C": 0.012181616832779624,
    "O": 0.019933554817275746,
    "E": 0.006090808416389812,
    "'": 0.0033222591362126247
  },
  "B": {
    "A": 0.23180592991913745,
    "B": 0.03234501347708895,
    "O": 0.1347708894878706,
    "I": 0.09433962264150944,
    " ": 0.1509433962264151,
    "D": 0.06199460916442048,
    "E": 0.21024258760107817,
    "U": 0.02425876010781671,
    "S": 0.0026954177897574125,
    "R": 0.04851752021563342,
    "H": 0.005390835579514825,
    "N": 0.0026954177897574125
  },
  "I": {
    " ": 0.6276463262764632,
    "A": 0.023661270236612703,
    "Y": 0.012453300124533,
    "S": 0.06973848069738481,
    "T": 0.009962640099626401,
    "R": 0.0361145703611457,
    "M": 0.039850560398505604,
    "F": 0.0161892901618929,
    "K": 0.009962640099626401,
    "B": 0.021170610211706103,
    "D": 0.04234122042341221,
    "H": 0.0024906600249066002,
    "Q": 0.007471980074719801,
    "L": 0.0186799501867995,
    "N": 0.031133250311332503,
    "Z": 0.007471980074719801,
    "V": 0.0012453300124533001,
    "G": 0.0024906600249066002,
    "J": 0.0062266500622665,
    "E": 0.0062266500622665,
    "C": 0.0062266500622665,
    "P": 0.0012453300124533001
  },
  "O": {
    "U": 0.6983240223463687,
    "T": 0.019553072625698324,
    "O": 0.055865921787709494,
    "G": 0.01675977653631285,
    "R": 0.01675977653631285,
    "M": 0.013966480446927373,
    "H": 0.04748603351955307,
    "S": 0.03910614525139665,
    " ": 0.01675977653631285,
    "Q": 0.002793296089385475,
    "F": 0.002793296089385475,
    "D": 0.008379888268156424,
    "E": 0.002793296089385475,
    "K": 0.025139664804469275,
    "N": 0.008379888268156424,
    "B": 0.00558659217877095,
    "L": 0.013966480446927373,
    "A": 0.002793296089385475,
    "J": 0.002793296089385475
  },
  "D": {
    " ": 0.38303341902313626,
    "A": 0.2210796915167095,
    "E": 0.09254498714652956,
    "D": 0.04627249357326478,
    "I": 0.10539845758354756,
    "M": 0.002570694087403599,
    "U": 0.030848329048843187,
    "H": 0.02056555269922879,
    "L": 0.007712082262210797,
    "N": 0.002570694087403599,
    "W": 0.010282776349614395,
    "R": 0.028277634961439587,
    "J": 0.010282776349614395,
    "O": 0.02313624678663239,
    "S": 0.002570694087403599,
    "Q": 0.002570694087403599,
    "-": 0.002570694087403599,
    "B": 0.007712082262210797
  },
  "L": {
    "M": 0.020785219399538105,
    "O": 0.05542725173210162,
    "A": 0.21016166281755197,
    " ": 0.20554272517321015,
    "I": 0.08775981524249422,
    "H": 0.03695150115473441,
    "E": 0.05542725173210162,
    "N": 0.004618937644341801,
    "S": 0.018475750577367205,
    "L": 0.046189376443418015,
    "-": 0.17551963048498845,
    "G": 0.006928406466512702,
    "T": 0.013856812933025405,
    "U": 0.004618937644341801,
    "B": 0.006928406466512702,
    "K": 0.016166281755196306,
    "D": 0.018475750577367205,
    "Y": 0.0023094688221709007,
    "J": 0.0023094688221709007,
    "R": 0.004618937644341801,
    "Z": 0.0023094688221709007,
    "F": 0.0023094688221709007
  },
  "M": {
    "A": 0.34191176470588236,
    " ": 0.18566176470588236,
    "I": 0.08088235294117647,
    "O": 0.11764705882352941,
    "M": 0.051470588235294115,
    "E": 0.0661764705882353,
    "U": 0.06801470588235294,
    "J": 0.001838235294117647,
    "D": 0.03125,
    "S": 0.003676470588235294,
    "B": 0.007352941176470588,
    "-": 0.001838235294117647,
    "Z": 0.016544117647058824,
    "L": 0.003676470588235294,
    "R": 0.022058823529411766
  },
  "N": {
    "T": 0.01675977653631285,
    " ": 0.42178770949720673,
    "E": 0.0335195530726257,
    "I": 0.025139664804469275,
    "N": 0.030726256983240222,
    "A": 0.26256983240223464,
    "D": 0.0446927374301676,
    "O": 0.03910614525139665,
    "W": 0.013966480446927373,
    "Y": 0.013966480446927373,
    "S": 0.04748603351955307,
    "L": 0.002793296089385475,
    "Z": 0.0111731843575419,
    "U": 0.0111731843575419,
    "B": 0.00558659217877095,
    "F": 0.002793296089385475,
    "H": 0.002793296089385475,
    "J": 0.002793296089385475,
    "K": 0.002793296089385475,
    "M": 0.002793296089385475,
    "R": 0.002793296089385475,
    "G": 0.002793296089385475
  },
  "T": {
    "A": 0.40512820512820513,
    "O": 0.07179487179487179,
    "I": 0.07692307692307693,
    "T": 0.035897435897435895,
    "R": 0.06153846153846154,
    "U": 0.05641025641025641,
    "B": 0.005128205128205128,
    "E": 0.07692307692307693,
    "W": 0.015384615384615385,
    " ": 0.1076923076923077,
    "M": 0.005128205128205128,
    "H": 0.07179487179487179,
    "C": 0.005128205128205128,
    "L": 0.005128205128205128
  },
  "R": {
    " ": 0.3422131147540984,
    "I": 0.0860655737704918,
    "O": 0.06352459016393443,
    "G": 0.012295081967213115,
    "C": 0.006147540983606557,
    "A": 0.29713114754098363,
    "E": 0.036885245901639344,
    "R": 0.022540983606557378,
    "Z": 0.010245901639344262,
    "H": 0.014344262295081968,
    "W": 0.02663934426229508,
    "U": 0.004098360655737705,
    "S": 0.00819672131147541,
    "T": 0.00819672131147541,
    "F": 0.006147540983606557,
    "J": 0.0020491803278688526,
    "B": 0.010245901639344262,
    "D": 0.014344262295081968,
    "Q": 0.0020491803278688526,
    "K": 0.018442622950819672,
    "V": 0.004098360655737705
  },
  "S": {
    "F": 0.00946969696969697,
    "G": 0.003787878787878788,
    "K": 0.005681818181818182,
    "W": 0.00946969696969697,
    "A": 0.2481060606060606,
    "H": 0.19886363636363635,
    " ": 0.07386363636363637,
    "S": 0.14583333333333334,
    "I": 0.06818181818181818,
    "U": 0.028409090909090908,
    "E": 0.0625,
    "L": 0.017045454545454544,
    "R": 0.02462121212121212,
    "T": 0.03409090909090909,
    "N": 0.005681818181818182,
    "M": 0.017045454545454544,
    "O": 0.041666666666666664,
    "-": 0.001893939393939394,
    "B": 0.003787878787878788
  },
  "F": {
    "O": 0.012903225806451613,
    "A": 0.432258064516129,
    " ": 0.36774193548387096,
    "S": 0.0064516129032258064,
    "E": 0.05806451612903226,
    "I": 0.06451612903225806,
    "R": 0.012903225806451613,
    "T": 0.01935483870967742,
    "U": 0.012903225806451613,
    "L": 0.012903225806451613
  },
  "G": {
    "H": 0.4642857142857143,
    "A": 0.2261904761904762,
    "E": 0.07142857142857142,
    "U": 0.10714285714285714,
    " ": 0.023809523809523808,
    "B": 0.011904761904761904,
    "O": 0.011904761904761904,
    "I": 0.03571428571428571,
    "L": 0.011904761904761904,
    "G": 0.011904761904761904,
    "D": 0.011904761904761904,
    "R": 0.011904761904761904
  },