{ 
   " ":{ 
      "A":0.009416195856873822,
      "B":0.01977401129943503,
      "C":0.10451977401129943,
      "D":0.027306967984934087,
      "E":0.00423728813559322,
      "F":0.030602636534839925,
      "G":0.03389830508474576,
      "H":0.07250470809792843,
      "I":0.0023540489642184556,
      "J":0.04896421845574388,
      "K":0.03954802259887006,
      "L":0.09463276836158192,
      "M":0.05649717514124294,
      "N":0.022598870056497175,
      "O":0.006120527306967985,
      "P":0.021657250470809793,
      "Q":0.032015065913371,
      "R":0.013182674199623353,
      "S":0.07062146892655367,
      "T":0.05649717514124294,
      "U":0.0018832391713747645,
      "W":0.04096045197740113,
      "X":0.0532015065913371,
      "Y":0.089924670433145,
      "Z":0.04472693032015066,
      "\u00c0":0.00047080979284369113,
      "\u0100":0.00047080979284369113,
      "\u014c":0.00047080979284369113,
      "V":0.00047080979284369113
   },
   "N":{ 
      " ":0.6901639344262295,
      "G":0.14754098360655737,
      "I":0.02459016393442623,
      "A":0.009836065573770493,
      "Y":0.03278688524590164,
      "J":0.013114754098360656,
      "M":0.004918032786885246,
      "Q":0.006557377049180328,
      "X":0.003278688524590164,
      "\u00c0":0.001639344262295082,
      "\u00c1":0.001639344262295082,
      "T":0.00819672131147541,
      "R":0.006557377049180328,
      "H":0.006557377049180328,
      "D":0.003278688524590164,
      "F":0.006557377049180328,
      "\u00dc":0.001639344262295082,
      "L":0.009836065573770493,
      "Z":0.004918032786885246,
      "S":0.001639344262295082,
      "C":0.003278688524590164,
      "N":0.001639344262295082,
      "-":0.001639344262295082,
      "U":0.00819672131147541
   },
   "A":{ 
      "N":0.590625,
      "U":0.00625,
      " ":0.209375,
      "R":0.003125,
      "O":0.121875,
      "I":0.015625,
      "L":0.0125,
      "Y":0.01875,
      "-":0.003125,
      "H":0.009375,
      "T":0.003125,
      "W":0.003125,
      "Z":0.003125
   },
   "G":{ 
      " ":0.7880434782608695,
      "A":0.016304347826086956,
      "E":0.006793478260869565,
      "O":0.014945652173913044,
      "U":0.050271739130434784,
      "\u0100":0.002717391304347826,
      "\u014c":0.009510869565217392,
      "F":0.010869565217391304,
      "G":0.010869565217391304,
      "M":0.006793478260869565,
      "S":0.008152173913043478,
      "Y":0.014945652173913044,
      "X":0.005434782608695652,
      "\u01d3":0.001358695652173913,
      "H":0.009510869565217392,
      "Z":0.009510869565217392,
      "L":0.009510869565217392,
      "I":0.002717391304347826,
      "C":0.002717391304347826,
      "-":0.004076086956521739,
      "J":0.004076086956521739,
      "T":0.002717391304347826,
      "W":0.002717391304347826,
      "P":0.001358695652173913,
      "N":0.001358695652173913,
      "R":0.001358695652173913,
      "Q":0.001358695652173913
   },
   "O":{ 
      " ":0.45905707196029777,
      "N":0.33002481389578164,
      "O":0.02977667493796526,
      "C":0.009925558312655087,
      "U":0.022332506203473945,
      "W":0.009925558312655087,
      "H":0.017369727047146403,
      "K":0.0024813895781637717,
      "E":0.004962779156327543,
      "Z":0.01240694789081886,
      "-":0.01240694789081886,
      "L":0.034739454094292806,
      "D":0.007444168734491315,
      "F":0.004962779156327543,
      "Q":0.01240694789081886,
      "J":0.009925558312655087,
      "B":0.0024813895781637717,
      "S":0.007444168734491315,
      "T":0.007444168734491315,
      "M":0.0024813895781637717
   },
   "U":{ 
      " ":0.5256166982922201,
      "Y":0.028462998102466792,
      "N":0.12903225806451613,
      "A":0.15749525616698293,
      "E":0.018975332068311195,
      "I":0.04554079696394687,
      "\u00c1":0.011385199240986717,
      "J":0.0018975332068311196,
      "\u00c0":0.0056925996204933585,
      "\u0100":0.007590132827324478,
      "\u00c9":0.0018975332068311196,
      "\u00d2":0.0018975332068311196,
      "\u00c8":0.0056925996204933585,
      "\u01d1":0.0018975332068311196,
      "O":0.013282732447817837,
      "R":0.007590132827324478,
      "L":0.009487666034155597,
      "C":0.003795066413662239,
      "S":0.007590132827324478,
      "-":0.007590132827324478,
      "W":0.0018975332068311196,
      "B":0.0018975332068311196,
      "K":0.0018975332068311196,
      "F":0.0018975332068311196
   },
   "Y":{ 
      "E":0.08558558558558559,
      " ":0.06306306306306306,
      "A":0.21621621621621623,
      "I":0.21171171171171171,
      "O":0.08108108108108109,
      "U":0.24774774774774774,
      "\u00c1":0.05855855855855856,
      "\u01cf":0.009009009009009009,
      "\u0112":0.0045045045045045045,
      "\u00d9":0.0045045045045045045,
      "\u01d3":0.0045045045045045045,
      "L":0.0045045045045045045,
      "\u00cd":0.0045045045045045045,
      "\u00dc":0.0045045045045045045
   },
   "E":{ 
      "U":0.06719367588932806,
      " ":0.34782608695652173,
      "A":0.011857707509881422,
      "N":0.33992094861660077,
      "O":0.03557312252964427,
      "R":0.007905138339920948,
      "T":0.007905138339920948,
      "L":0.011857707509881422,
      "H":0.007905138339920948,
      "I":0.1225296442687747,
      "M":0.015810276679841896,
      "Q":0.003952569169960474,
      "D":0.007905138339920948,
      "E":0.007905138339920948,
      "G":0.003952569169960474
   },
   "B":{ 
      "A":0.59375,
      "\u00c1":0.0625,
      "\u01cd":0.03125,
      "\u00d3":0.03125,
      "I":0.15625,
      "O":0.125
   },
   "I":{ 
      " ":0.3488372093023256,
      "A":0.2005813953488372,
      "E":0.029069767441860465,
      "N":0.22529069767441862,
      "O":0.014534883720930232,
      "U":0.01744186046511628,
      "T":0.0029069767441860465,
      "\u00c1":0.01308139534883721,
      "\u0100":0.010174418604651164,
      "\u01cd":0.0029069767441860465,
      "\u00c0":0.00436046511627907,
      "\u00d3":0.0029069767441860465,
      "X":0.010174418604651164,
      "L":0.024709302325581394,
      "S":0.0029069767441860465,
      "Y":0.010174418604651164,
      "F":0.0188953488372093,
      "Q":0.01308139534883721,
      "H":0.01308139534883721,
      "J":0.005813953488372093,
      "R":0.005813953488372093,
      "Z":0.010174418604651164,
      "G":0.0014534883720930232,
      "W":0.0014534883720930232,
      "M":0.00436046511627907,
      "-":0.00436046511627907,
      "C":0.0014534883720930232
   },
   "C":{ 
      "A":0.021739130434782608,
      "H":0.9260869565217391,
      "O":0.004347826086956522,
      "U":0.02608695652173913,
      "\u00c1":0.008695652173913044,
      "\u00c0":0.008695652173913044,
      " ":0.004347826086956522
   },
   "H":{ 
      "A":0.1746641074856046,
      "E":0.1420345489443378,
      " ":0.0710172744721689,
      "I":0.11516314779270634,
      "O":0.14779270633397312,
      "U":0.21497120921305182,
      "S":0.028790786948176585,
      "W":0.005758157389635317,
      "Y":0.005758157389635317,
      "\u0100":0.007677543186180422,
      "\u00c9":0.007677543186180422,
      "\u00c0":0.009596928982725527,
      "\u014c":0.009596928982725527,
      "\u00c8":0.015355086372360844,
      "\u00c1":0.007677543186180422,
      "\u011a":0.003838771593090211,
      "\u00d3":0.007677543186180422,
      "\u01cd":0.005758157389635317,
      "\u01cf":0.0019193857965451055,
      "\u012a":0.0019193857965451055,
      "\u00da":0.003838771593090211,
      "\u016a":0.003838771593090211,
      "\u0112":0.0019193857965451055,
      "\u00d9":0.0019193857965451055,
      "-":0.003838771593090211
   },
   "M":{ 
      " ":0.2229299363057325,
      "A":0.15286624203821655,
      "E":0.29936305732484075,
      "I":0.1910828025477707,
      "O":0.03821656050955414,
      "U":0.025477707006369428,
      "\u00c8":0.012738853503184714,
      "\u00c1":0.012738853503184714,
      "\u00c0":0.006369426751592357,
      "\u00c9":0.025477707006369428,
      "\u00d2":0.006369426751592357,
      "\u00d9":0.006369426751592357
   },
   "W":{ 
      " ":0.2196969696969697,