{" ": {"A": 0.026539551661942797, "B": 0.08709095593919093, "C": 0.022932233960319504, "D": 0.07111569183200206, "L": 0.06725070858026282, "V": 0.13295542385982995, "H": 0.09404792579232156, "S": 0.0999742334449884, "Z": 0.0059263076526668386, "K": 0.07034269518165422, "M": 0.07626900283432105, "N": 0.023447565060551404, "O": 0.01932491625869621, "P": 0.03839216696727647, "R": 0.04921412007214635, "T": 0.026281886111826847, "F": 0.007729966503478485, "G": 0.02473589281113115, "J": 0.006699304303014687, "W": 0.03323885596495749, "E": 0.014686936356609122, "Q": 0.000515331100231899, "U": 0.0012883277505797476}, "A": {"A": 0.07604251839738348, "L": 0.0678659035159444, "R": 0.13409648405560098, "C": 0.03025347506132461, "D": 0.012264922322158627, "G": 0.03188879803761243, "K": 0.03761242845461979, " ": 0.038430089942763694, "M": 0.0686835650040883, "N": 0.2706459525756337, "P": 0.02698282910874898, "S": 0.04088307440719542, "E": 0.038430089942763694, "T": 0.039247751430907606, "U": 0.03434178250204415, "I": 0.008176614881439084, "Y": 0.005723630417007359, "V": 0.013900245298446443, "B": 0.011447260834014717, "H": 0.0008176614881439084, "Z": 0.004088307440719542, "F": 0.006541291905151268, "X": 0.001635322976287817}, "L": {"S": 0.027750247770069375, "E": 0.17542120911793854, "L": 0.09217046580773043, "P": 0.002973240832507433, "T": 0.026759167492566897, " ": 0.15758176412289396, "D": 0.03865213082259663, "A": 0.11793855302279485, "I": 0.12586719524281467, "O": 0.10109018830525272, "U": 0.05252725470763132, "Y": 0.008919722497522299, "B": 0.013875123885034688, "J": 0.0019821605550049554, "K": 0.011892963330029732, "M": 0.024777006937561942, "G": 0.002973240832507433, "F": 0.004955401387512388, "C": 0.0019821605550049554, "Z": 0.0019821605550049554, "H": 0.002973240832507433, "W": 0.0019821605550049554, "N": 0.0009910802775024777, "R": 0.0009910802775024777, "V": 0.0009910802775024777}, "S": {"B": 0.002148997134670487, " ": 0.43123209169054444, "V": 0.002148997134670487, "T": 0.09742120343839542, "C": 0.08810888252148998, "S": 0.05873925501432665, "E": 0.12106017191977077, "Z": 0.0007163323782234957, "N": 0.02005730659025788, "W": 0.0164756446991404, "K": 0.01002865329512894, "U": 0.0035816618911174787, "A": 0.0336676217765043, "O": 0.01790830945558739, "I": 0.024355300859598854, "L": 0.019340974212034383, "M": 0.025787965616045846, "P": 0.01862464183381089, "Y": 0.0035816618911174787, "D": 0.002148997134670487, "H": 0.0028653295128939827}, "B": {"U": 0.09497206703910614, "A": 0.09869646182495345, "O": 0.21787709497206703, "R": 0.1564245810055866, "E": 0.2886405959031657, "I": 0.0260707635009311, "L": 0.061452513966480445, "Y": 0.00558659217877095, " ": 0.01303538175046555, "B": 0.035381750465549346, "S": 0.00186219739292365}, "U": {"R": 0.12441314553990611, "I": 0.11267605633802817, "E": 0.051643192488262914, "G": 0.03755868544600939, "T": 0.10328638497652583, "M": 0.025821596244131457, "S": 0.09389671361502347, "W": 0.06103286384976526, "C": 0.051643192488262914, "L": 0.08450704225352113, "Y": 0.06338028169014084, " ": 0.011737089201877934, "N": 0.05868544600938967, "K": 0.018779342723004695, "V": 0.011737089201877934, "X": 0.002347417840375587, "D": 0.03051643192488263, "Z": 0.004694835680751174, "H": 0.002347417840375587, "B": 0.035211267605633804, "F": 0.002347417840375587, "P": 0.009389671361502348, "A": 0.002347417840375587}, "G": {" ": 0.2917647058823529, "G": 0.04941176470588235, "E": 0.3388235294117647, "T": 0.018823529411764704, "B": 0.007058823529411765, "H": 0.03058823529411765, "A": 0.06823529411764706, "I": 0.018823529411764704, "M": 0.01411764705882353, "Y": 0.002352941176470588, "R": 0.08235294117647059, "O": 0.05176470588235294, "U": 0.011764705882352941, "L": 0.002352941176470588, "S": 0.007058823529411765, "N": 0.004705882352941176}, "T": {" ": 0.31701346389228885, "E": 0.3023255813953488, "H": 0.04895960832313342, "W": 0.004895960832313341, "O": 0.03671970624235006, "U": 0.02447980416156671, "T": 0.06487148102815178, "R": 0.05752753977968176, "V": 0.0036719706242350062, "M": 0.0208078335373317, "I": 0.05018359853121175, "K": 0.0073439412484700125, "S": 0.011015911872705019, "G": 0.006119951040391677, "A": 0.030599755201958383, "J": 0.008567931456548347, "Z": 0.0012239902080783353, "L": 0.0012239902080783353, "F": 0.0012239902080783353, "B": 0.0012239902080783353}, "R": {"L": 0.012836185819070905, "E": 0.09229828850855745, "I": 0.08924205378973105, " ": 0.3160146699266504, "S": 0.023227383863080684, "P": 0.006112469437652812, "A": 0.07090464547677261, "T": 0.03300733496332518, "K": 0.019559902200488997, "U": 0.030562347188264057, "O": 0.10819070904645477, "Q": 0.0018337408312958435, "C": 0.013447432762836185, "M": 0.04767726161369193, "Y": 0.01039119804400978, "Z": 0.003056234718826406, "B": 0.014058679706601468, "D": 0.021393643031784843, "N": 0.014058679706601468, "G": 0.014058679706601468, "R": 0.011613691931540342, "H": 0.021393643031784843, "F": 0.003667481662591687, "V": 0.008557457212713936, "X": 0.0006112469437652812, "W": 0.011613691931540342, "J": 0.0006112469437652812}, "E": {" ": 0.19724375538329025, "R": 0.23126614987080105, "L": 0.08440999138673558, "N": 0.10637381567614125, "D": 0.015934539190353144, "E": 0.06933677863910422, "T": 0.02239448751076658, "G": 0.019810508182601206, "I": 0.03875968992248062, "M": 0.03359173126614987, "U": 0.023686477174849268, "C": 0.023255813953488372, "S": 0.037037037037037035, "Y": 0.014642549526270457, "V": 0.021963824289405683, "K": 0.01636520241171404, "H": 0.003875968992248062, "B": 0.014211886304909561, "P": 0.009474590869939707, "A": 0.0030146425495262705, "F": 0.0068906115417743325, "W": 0.004306632213608958, "Z": 0.0017226528854435831, "X": 0.0004306632213608958}, "C": {"H": 0.4152542372881356, "A": 0.06779661016949153, "K": 0.2627118644067797, "O": 0.11864406779661017, "L": 0.062146892655367235, "R": 0.04519774011299435, "U": 0.011299435028248588, " ": 0.005649717514124294, "I": 0.00847457627118644, "T": 0.002824858757062147}, "H": {"T": 0.017241379310344827, "O": 0.2629310344827586, "E": 0.2514367816091954, "U": 0.07758620689655173, " ": 0.05747126436781609, "A": 0.22126436781609196, "R": 0.027298850574712645, "I": 0.05603448275862069, "N": 0.005747126436781609, "W": 0.004310344827586207, "Y": 0.008620689655172414, "M": 0.0028735632183908046, "L": 0.007183908045977011}, "N": {" ": 0.556573275862069, "D": 0.12338362068965517, "G": 0.03178879310344827, "K": 0.026400862068965518, "T": 0.021551724137931036, "U": 0.0021551724137931034, "N": 0.026400862068965518, "E": 0.06573275862068965, "R": 0.007004310344827586, "I": 0.03502155172413793, "H": 0.012392241379310345, "A": 0.017780172413793104, "B": 0.023706896551724137, "S": 0.013469827586206896, "C": 0.009159482758620689, "Y": 0.005387931034482759, "O": 0.015625, "Z": 0.0016163793103448276, "M": 0.0010775862068965517, "J": 0.0005387931034482759, "F": 0.0010775862068965517, "W": 0.0005387931034482759, "'": 0.0005387931034482759, "L": 0.0005387931034482759, "P": 0.0005387931034482759}, "O": {"V": 0.02745792736935341, "O": 0.18689105403011513, "R": 0.1328609388839681, "N": 0.06465899025686449, "K": 0.008857395925597875, "U": 0.05757307351638618, "E": 0.12134632418069087, "F": 0.022143489813994686, "L": 0.06465899025686449, "H": 0.0044286979627989375, "G": 0.022143489813994686, "I": 0.015057573073516387, "T": 0.03454384410983171, "M": 0.047829937998228524, "P": 0.0283436669619132, "B": 0.010628875110717449, "S": 0.07174490699734277, " ": 0.00974313551815766, "C": 0.03365810451727192, "D": 0.0141718334809566, "J": 0.0008857395925597874, "Y": 0.0141718334809566, "Z": 0.00354295837023915, "W": 0.001771479185119575, "X": 0.0008857395925597874}, "V": {"E": 0.24922118380062305, "O": 0.0514018691588785, "L": 0.010903426791277258, "R": 0.017133956386292833, "A": 0.6433021806853583, "I": 0.0264797507788162, "U": 0.001557632398753894}, "D": {"R": 0.049019607843137254, "E": 0.5490196078431373, "O": 0.07026143790849673, "A": 0.058823529411764705,