{
  " ": {
    "A": 0.023549257759784076,
    "O": 0.02034412955465587,
    "U": 0.005364372469635627,
    "B": 0.0951417004048583,
    "C": 0.014743589743589743,
    "D": 0.0398110661268556,
    "E": 0.026180836707152495,
    "F": 0.03120782726045884,
    "G": 0.06929824561403508,
    "H": 0.09902159244264508,
    "I": 0.00796221322537112,
    "J": 0.017847503373819164,
    "K": 0.08043184885290149,
    "L": 0.04578272604588394,
    "M": 0.05425101214574899,
    "N": 0.02186234817813765,
    "P": 0.039271255060728746,
    "Q": 0.0009446693657219973,
    "R": 0.05087719298245614,
    "S": 0.10894062078272605,
    "T": 0.04328609986504724,
    "V": 0.02280701754385965,
    "W": 0.061572199730094465,
    "X": 0.000573549257759784,
    "Z": 0.018927125506072874
  },
  "A": {
    "N": 0.22325730806296176,
    "G": 0.025778991326694506,
    "S": 0.056778027626084165,
    "C": 0.054690009637006105,
    "A": 0.017507227754577578,
    "R": 0.11299389656280116,
    "B": 0.023048506264053966,
    "M": 0.03734339865081915,
    "T": 0.03943141663989721,
    "D": 0.020318021201413426,
    " ": 0.030035335689045935,
    "E": 0.030436877610022485,
    "F": 0.017346610986186957,
    "H": 0.029151943462897525,
    "U": 0.13451654352714423,
    "I": 0.027545775778991328,
    "Y": 0.014134275618374558,
    "L": 0.06569225827176357,
    "K": 0.009958239640218438,
    "X": 0.0020880179890780596,
    "P": 0.013090266623835528,
    "V": 0.007388371345968519,
    "W": 0.005380661741085769,
    "Z": 0.00064246707356248,
    "J": 0.0014455509155155799
  },
  "N": {
    "D": 0.07783200616491139,
    "E": 0.1231055741073722,
    " ": 0.3038145389160031,
    "S": 0.056832776778833805,
    "M": 0.007898792704854867,
    "T": 0.03936552787053686,
    "I": 0.06100693552530182,
    "G": 0.057218083740046236,
    "H": 0.04161315181094272,
    "O": 0.015283842794759825,
    "V": 0.0006421782686873876,
    "K": 0.04424608271256101,
    "B": 0.03981505265861803,
    "N": 0.05143847932185975,
    "X": 6.421782686873876e-5,
    "A": 0.019971744156177754,
    "F": 0.006935525301823786,
    "L": 0.005522733110711534,
    "Z": 0.01245825841253532,
    "R": 0.008669406627279733,
    "W": 0.004559465707680452,
    "U": 0.003981505265861803,
    "Y": 0.001091703056768559,
    "C": 0.011302337528898022,
    "J": 0.0018623169791934242,
    "P": 0.003467762650911893
  },
  "D": {
    "E": 0.33613613613613613,
    "A": 0.06746746746746747,
    " ": 0.14194194194194193,
    "I": 0.08128128128128129,
    "L": 0.025625625625625627,
    "O": 0.1003003003003003,
    "T": 0.028028028028028028,
    "D": 0.024624624624624624,
    "R": 0.05545545545545546,
    "S": 0.018618618618618618,
    "W": 0.012612612612612612,
    "J": 0.002002002002002002,
    "K": 0.005805805805805806,
    "G": 0.01041041041041041,
    "Z": 0.004004004004004004,
    "U": 0.033833833833833836,
    "N": 0.006806806806806807,
    "H": 0.016216216216216217,
    "M": 0.014814814814814815,
    "B": 0.005005005005005005,
    "C": 0.0016016016016016017,
    "V": 0.0014014014014014013,
    "Y": 0.003003003003003003,
    "P": 0.001001001001001001,
    "F": 0.0018018018018018018,
    "Q": 0.0002002002002002002
  },
  "E": {
    "R": 0.20198249761519638,
    "I": 0.11716643855501638,
    " ": 0.11778856123760939,
    "M": 0.029281240927377546,
    "N": 0.16154452324665092,
    "L": 0.07336900170046867,
    "C": 0.03297250217742939,
    "G": 0.018871054705321223,
    "K": 0.013271950561984156,
    "Y": 0.017212060885073203,
    "S": 0.03467297084318361,
    "B": 0.024262784621127288,
    "D": 0.02272821533739787,
    "E": 0.013894073244577164,
    "T": 0.029944838455476755,
    "H": 0.023889511011571482,
    "J": 0.0013271950561984157,
    "X": 0.0008294969101240098,
    "P": 0.008958566629339306,
    "U": 0.0254655551408071,
    "A": 0.0003732736095558044,
    "W": 0.010078387458006719,
    "F": 0.011737381278254739,
    "V": 0.006511550744473476,
    "Z": 0.0008709717556302103,
    "O": 0.0008294969101240098,
    "Q": 0.00012442453651860148
  },
  "S": {
    " ": 0.23138494652586264,
    "N": 0.008676935494719849,
    "C": 0.22761821483823233,
    "T": 0.12167888612362951,
    "E": 0.13795654805946056,
    "S": 0.08764377480325554,
    "H": 0.012645456379901795,
    "P": 0.0193044998991054,
    "M": 0.017690186318692406,
    "O": 0.018631869240599987,
    "A": 0.019169973767404317,
    "K": 0.024618282101298176,
    "R": 0.000874419856057039,
    "D": 0.005246519136342234,
    "L": 0.013923454631062085,
    "I": 0.02421470370619493,
    "B": 0.009551355350776888,
    "W": 0.004035783951032488,
    "G": 0.003632205555929239,
    "J": 0.0011434721194592049,
    "U": 0.006120938992399273,
    "F": 0.0013452613170108294,
    "Z": 0.0018161027779646196,
    "V": 0.00033631532925270735,
    "Y": 0.0006726306585054147,
    "Ø": 6.726306585054147e-5
  },
  "O": {
    "C": 0.043626859670285484,
    "D": 0.021712907117008445,
    "H": 0.07599517490952955,
    "L": 0.14545637314032972,
    "M": 0.027040611178126256,
    "R": 0.15209087253719342,
    "S": 0.0677523120225171,
    "T": 0.05448331322878971,
    "V": 0.017993566546039404,
    "Z": 0.0018094089264173703,
    "F": 0.08876156011258544,
    "O": 0.025130679533574587,
    "G": 0.018797748291113792,
    "N": 0.06513872135102533,
    "I": 0.006936067551266586,
    "K": 0.00975070365902694,
    "B": 0.02623642943305187,
    "W": 0.02372336147969441,
    " ": 0.005227181342983514,
    "E": 0.07619622034579815,
    "U": 0.004020908725371934,
    "P": 0.03719340570969039,
    "J": 0.0010052271813429834,
    "X": 0.0008041817450743868,
    "Y": 0.0014073180538801769,
    "A": 0.0015078407720144752,
    "Q": 0.0002010454362685967
  },
  "C": {
    "H": 0.6888245159323068,
    "E": 0.0025918585150175332,
    "K": 0.2282360115871322,
    "C": 0.0006098490623570666,
    "A": 0.011587132184784266,
    "O": 0.024851349291050467,
    "U": 0.0036590943741423997,
    " ": 0.0024393962494282666,
    "I": 0.002286933983839,
    "Y": 0.0006098490623570666,
    "L": 0.010367434060070133,
    "R": 0.008080500076231133,
    "S": 0.004268943436499467,
    "Z": 0.011129745388016466,
    "T": 0.0003049245311785333,
    "M": 0.00015246226558926666
  },
  "H": {
    "S": 0.01697931341291614,
    "L": 0.05775932379328242,
    " ": 0.11181137391562244,
    "M": 0.04901015792985838,
    "E": 0.18506710165344406,
    "R": 0.03477422703343961,
    "O": 0.15956105879736043,
    "A": 0.18536368354711946,
    "C": 0.0003707273670942389,
    "N": 0.039667828279083564,
    "T": 0.011789130273596796,
    "B": 0.005041892192481649,
    "H": 0.008452583969748647,
    "W": 0.014754949210350709,
    "U": 0.05264328612738192,
    "K": 0.00867502039000519,
    "G": 0.003633128197523541,
    "J": 0.001038036627863869,
    "I": 0.048565285089345295,
    "D": 0.0015570549417958034,
    "F": 0.00133461852153926,
    "P": 0.0008156002076073255,
    "Y": 0.0011121821012827168,
    "V": 0.00022243642025654333
  },
  "R": {
    " ": 0.33519197068663376,
    "I": 0.05809569327173278,
    "L": 0.02203812861770485,
    "T": 0.04450108863044979,
    "R": 0.007540757261961659,
    "E": 0.08894907333651957,
    "M": 0.029472678030906484,
    "W": 0.005947639530561309,
    "N": 0.025808507248685678,
    "S": 0.03664170782220806,
    "J": 0.002867611916520631,
    "A": 0.06972545271095534,
    "H": 0.016515320482183633,
    "D": 0.02060432265944453,
    "G": 0.03313684881312729,
    "C": 0.019436036323084275,
    "O": 0.06648611332377463,
    "F": 0.01571876161648346,
    "B": 0.015240826297063354,
    "U": 0.05618395199405236,
    "Z": 0.00504487281610111,
    "K": 0.018692581381764113,
    "V": 0.001646221655780362,
    "P": 0.0031331315384206895,
    "X": 0.0002655196219000584,
    "Y": 0.0009558706388402103,
    "Q": 5.310392438001168e-5,
    "Ž": 5.310392438001168e-5
  },
  "L": {
    " ": 0.17618878637331442,
    "E": 0.19916607523066004,
    "R": 0.0035486160397444995,
    "S": 0.027235628105039034,
    "A": 0.06946415897799858,