{ 
   " ":{ 
      "A":0.13067552602436322,
      "C":0.17940199335548174,
      "D":0.015503875968992248,
      "E":0.07862679955703211,
      "I":0.08305647840531562,
      "K":0.07198228128460686,
      "M":0.03765227021040975,
      "N":0.09966777408637874,
      "O":0.17386489479512734,
      "U":0.05647840531561462,
      "W":0.0022148394241417496,
      "F":0.006644518272425249,
      "B":0.007751937984496124,
      "G":0.015503875968992248,
      "J":0.006644518272425249,
      "L":0.009966777408637873,
      "Q":0.0011074197120708748,
      "S":0.007751937984496124,
      "T":0.0022148394241417496,
      "Y":0.0033222591362126247,
      "Z":0.008859357696566999,
      "H":0.0011074197120708748
   },
   "A":{ 
      "B":0.019138755980861243,
      "R":0.03708133971291866,
      " ":0.3253588516746411,
      "C":0.0861244019138756,
      "D":0.056220095693779906,
      "G":0.017942583732057416,
      "L":0.022727272727272728,
      "K":0.08014354066985646,
      "N":0.10167464114832536,
      "M":0.08133971291866028,
      "I":0.01555023923444976,
      "S":0.029904306220095694,
      "T":0.0035885167464114833,
      "W":0.007177033492822967,
      "Z":0.01555023923444976,
      "E":0.023923444976076555,
      "O":0.02631578947368421,
      "J":0.005980861244019139,
      "Y":0.008373205741626795,
      "F":0.009569377990430622,
      "U":0.01076555023923445,
      "H":0.004784688995215311,
      "A":0.007177033492822967,
      "P":0.0023923444976076554
   },
   "B":{ 
      "A":0.0962962962962963,
      "U":0.3037037037037037,
      "E":0.1925925925925926,
      "O":0.05185185185185185,
      "I":0.34074074074074073,
      "G":0.007407407407407408,
      "W":0.007407407407407408
   },
   "C":{ 
      "H":0.9973958333333334,
      "I":0.0026041666666666665
   },
   "H":{ 
      "E":0.07407407407407407,
      "O":0.002849002849002849,
      "I":0.4700854700854701,
      "A":0.017094017094017096,
      "U":0.4074074074074074,
      " ":0.022792022792022793,
      "G":0.002849002849002849,
      "W":0.002849002849002849
   },
   "E":{ 
      "B":0.043348281016442454,
      " ":0.27802690582959644,
      "G":0.02242152466367713,
      "M":0.08071748878923767,
      "F":0.013452914798206279,
      "R":0.05082212257100149,
      "L":0.04783258594917788,
      "D":0.028400597907324365,
      "H":0.0014947683109118087,
      "J":0.017937219730941704,
      "K":0.07623318385650224,
      "Z":0.07324364723467862,
      "N":0.07473841554559044,
      "S":0.013452914798206279,
      "O":0.013452914798206279,
      "T":0.013452914798206279,
      "A":0.02391629297458894,
      "W":0.005979073243647235,
      "I":0.004484304932735426,
      "U":0.004484304932735426,
      "C":0.09715994020926756,
      "Y":0.005979073243647235,
      "E":0.005979073243647235,
      "P":0.0029895366218236174
   },
   "O":{ 
      "L":0.06765327695560254,
      "N":0.11416490486257928,
      " ":0.13107822410147993,
      "K":0.10570824524312897,
      "S":0.035940803382663845,
      "R":0.048625792811839326,
      "B":0.11627906976744186,
      "Z":0.052854122621564484,
      "C":0.06342494714587738,
      "M":0.07610993657505286,
      "F":0.012684989429175475,
      "G":0.06342494714587738,
      "H":0.016913319238900635,
      "D":0.02536997885835095,
      "Y":0.006342494714587738,
      "E":0.016913319238900635,
      "J":0.0021141649048625794,
      "A":0.016913319238900635,
      "P":0.004228329809725159,
      "V":0.0021141649048625794,
      "T":0.012684989429175475,
      "U":0.006342494714587738
   },
   "L":{ 
      "O":0.1827956989247312,
      "A":0.17204301075268819,
      "I":0.21505376344086022,
      "U":0.3333333333333333,
      " ":0.010752688172043012,
      "E":0.08602150537634409
   },
   "U":{ 
      " ":0.2859399684044234,
      "G":0.026856240126382307,
      "T":0.009478672985781991,
      "E":0.03475513428120063,
      "N":0.07582938388625593,
      "R":0.022116903633491312,
      "O":0.022116903633491312,
      "C":0.04107424960505529,
      "S":0.00315955766192733,
      "J":0.007898894154818325,
      "K":0.24644549763033174,
      "M":0.045813586097946286,
      "A":0.01263823064770932,
      "Z":0.02527646129541864,
      "F":0.004739336492890996,
      "B":0.036334913112164295,
      "W":0.007898894154818325,
      "D":0.030015797788309637,
      "I":0.018957345971563982,
      "X":0.001579778830963665,
      "L":0.03949447077409163,
      "U":0.001579778830963665
   },
   "D":{ 
      "I":0.4225352112676056,
      "O":0.11267605633802817,
      "U":0.1619718309859155,
      "E":0.04225352112676056,
      "A":0.24647887323943662,
      "D":0.014084507042253521
   },
   "I":{ 
      "C":0.03560371517027864,
      " ":0.2043343653250774,
      "K":0.10990712074303406,
      "E":0.03715170278637771,
      "N":0.14241486068111456,
      "D":0.05727554179566564,
      "J":0.018575851393188854,
      "R":0.02476780185758514,
      "O":0.032507739938080496,
      "B":0.04953560371517028,
      "G":0.015479876160990712,
      "H":0.020123839009287926,
      "S":0.03560371517027864,
      "W":0.0030959752321981426,
      "L":0.02321981424148607,
      "A":0.06191950464396285,
      "M":0.05108359133126935,
      "Y":0.009287925696594427,
      "Z":0.006191950464396285,
      "U":0.0030959752321981426,
      "F":0.047987616099071206,
      "T":0.007739938080495356,
      "I":0.0015479876160990713,
      "'":0.0015479876160990713
   },
   "G":{ 
      "U":0.056179775280898875,
      "H":0.033707865168539325,
      "W":0.14606741573033707,
      "B":0.19101123595505617,
      "E":0.21348314606741572,
      "O":0.21348314606741572,
      "I":0.10112359550561797,
      "A":0.0449438202247191
   },
   "M":{ 
      " ":0.14671814671814673,
      "A":0.2625482625482625,
      "O":0.03861003861003861,
      "E":0.16602316602316602,
      "I":0.011583011583011582,
      "B":0.04247104247104247,
      "G":0.007722007722007722,
      "M":0.138996138996139,
      "D":0.04247104247104247,
      "U":0.019305019305019305,
      "N":0.02702702702702703,
      "S":0.02702702702702703,
      "T":0.023166023166023165,
      "J":0.007722007722007722,
      "C":0.003861003861003861,
      "Y":0.003861003861003861,
      "F":0.011583011583011582,
      "H":0.007722007722007722,
      "K":0.011583011583011582
   },
   "W":{ 
      "U":0.4583333333333333,
      "A":0.2708333333333333,
      "E":0.1736111111111111,
      "I":0.020833333333333332,
      "O":0.0625,
      "K":0.006944444444444444,
      " ":0.006944444444444444
   },
   "N":{ 
      "E":0.08788598574821853,
      "I":0.03800475059382423,
      "O":0.028503562945368172,
      "U":0.026128266033254157,
      "N":0.1543942992874109,
      "Y":0.15201900237529692,
      "G":0.007125890736342043,
      "W":0.18052256532066507,
      "D":0.07600950118764846,
      "K":0.05463182897862233,
      "A":0.12351543942992874,
      "L":0.0023752969121140144,
      "M":0.0332541567695962,
      "T":0.011876484560570071,
      "S":0.0023752969121140144,
      "Z":0.004750593824228029,
      "C":0.011876484560570071,
      " ":0.004750593824228029
   },
   "F":{ 
      "U":0.25396825396825395,
      "O":0.19047619047619047,
      "E":0.5079365079365079,
      "A":0.015873015873015872,
      "R":0.031746031746031744
   },
   "K":{ 
      "W":0.4476439790575916,
      "E":0.14136125654450263,
      "O":0.0968586387434555,
      "A":0.23298429319371727,
      "U":0.03926701570680628,
      "P":0.02356020942408377,
      "I":0.010471204188481676,
      "R":0.007853403141361256
   },
   "S":{ 
      "I":0.49333333333333335,
      "O":0.29333333333333333,
      "A":0.12,
      "H":0.02666666666666667,
      " ":0.02666666666666667,
      "T":0.04
   },
   "T":{ 
      "U":0.09375,
      "A":0.375,
      "E":0.0625,
      "O":0.375,
      "H":0.03125,
      "I":0.0625
   },
   "Z":{ 
      "U":0.13636363636363635,
      "I":0.5,
      "E":0.11363636363636363,
      "O":0.22727272727272727,
      "A":0.022727272727272728
   },