{
  " ": {
    "A": 0.007074279939363315,
    "B": 0.014653865588681153,
    "C": 0.03890853966649823,
    "D": 0.022738756947953513,
    "E": 0.005053057099545225,
    "G": 0.039413845376452754,
    "H": 0.010611419909044972,
    "I": 0.0035371399696816574,
    "J": 0.0202122283981809,
    "K": 0.07326932794340577,
    "L": 0.014653865588681153,
    "M": 0.10459828196058615,
    "N": 0.07276402223345124,
    "O": 0.0025265285497726125,
    "P": 0.09550277918140475,
    "Q": 0.0005053057099545225,
    "R": 0.07781707933299646,
    "S": 0.2405255179383527,
    "T": 0.040929762506316324,
    "U": 0.015664477008590198,
    "V": 0.08236483072258717,
    "W": 0.001010611419909045,
    "Y": 0.014653865588681153,
    "Z": 0.001010611419909045
  },
  "A": {
    "D": 0.03737604881769641,
    "N": 0.16933638443935928,
    "G": 0.02745995423340961,
    "R": 0.10717009916094584,
    "W": 0.004958047292143402,
    "H": 0.014874141876430207,
    "M": 0.07398932112890923,
    "T": 0.07131960335621663,
    " ": 0.19984744469870327,
    "L": 0.059496567505720827,
    "P": 0.02402745995423341,
    "S": 0.05110602593440122,
    "B": 0.015255530129672006,
    "K": 0.02212051868802441,
    "C": 0.007246376811594203,
    "Y": 0.02402745995423341,
    "U": 0.007246376811594203,
    "I": 0.018688024408848206,
    "V": 0.02936689549961861,
    "E": 0.0011441647597254005,
    "J": 0.02669717772692601,
    "Z": 0.0011441647597254005,
    "F": 0.0015255530129672007,
    "A": 0.002288329519450801,
    "X": 0.0007627765064836003,
    "Q": 0.00038138825324180017,
    "O": 0.0007627765064836003,
    "-": 0.00038138825324180017
  },
  "D": {
    "A": 0.23356009070294784,
    "V": 0.006802721088435374,
    " ": 0.06575963718820861,
    "E": 0.11337868480725624,
    "R": 0.11564625850340136,
    "I": 0.09070294784580499,
    "N": 0.0045351473922902496,
    "H": 0.18594104308390022,
    "D": 0.05442176870748299,
    "O": 0.009070294784580499,
    "U": 0.061224489795918366,
    "W": 0.006802721088435374,
    "L": 0.0045351473922902496,
    "Y": 0.02040816326530612,
    "G": 0.0045351473922902496,
    "K": 0.011337868480725623,
    "M": 0.011337868480725623
  },
  "I": {
    " ": 0.36525172754195456,
    "W": 0.003948667324777887,
    "S": 0.0769990128331688,
    "P": 0.02171767028627838,
    "R": 0.07305034550839092,
    "A": 0.022704837117472853,
    "B": 0.01085883514313919,
    "D": 0.034550839091806514,
    "K": 0.045409674234945706,
    "N": 0.08983218163869694,
    "M": 0.02566633761105627,
    "T": 0.07897334649555775,
    "V": 0.04146100691016782,
    "Y": 0.019743336623889437,
    "G": 0.009871668311944718,
    "J": 0.018756169792694965,
    "L": 0.039486673247778874,
    "C": 0.008884501480750246,
    "E": 0.004935834155972359,
    "H": 0.004935834155972359,
    "Z": 0.0009871668311944718,
    "Q": 0.0009871668311944718,
    "U": 0.0009871668311944718
  },
  "V": {
    "A": 0.45110410094637227,
    "V": 0.00946372239747634,
    "U": 0.012618296529968454,
    "E": 0.17034700315457413,
    "I": 0.27129337539432175,
    "O": 0.012618296529968454,
    " ": 0.04416403785488959,
    "Y": 0.012618296529968454,
    "R": 0.012618296529968454,
    "D": 0.0031545741324921135
  },
  "G": {
    "A": 0.376865671641791,
    "R": 0.029850746268656716,
    "W": 0.007462686567164179,
    "Y": 0.007462686567164179,
    "H": 0.11567164179104478,
    "E": 0.0708955223880597,
    " ": 0.029850746268656716,
    "D": 0.014925373134328358,
    "U": 0.12313432835820895,
    "G": 0.011194029850746268,
    "I": 0.07835820895522388,
    "O": 0.11194029850746269,
    "N": 0.014925373134328358,
    "L": 0.0037313432835820895,
    "P": 0.0037313432835820895
  },
  "R": {
    "K": 0.011707317073170732,
    " ": 0.16878048780487806,
    "W": 0.001951219512195122,
    "A": 0.4195121951219512,
    "N": 0.00975609756097561,
    "O": 0.0175609756097561,
    "I": 0.1248780487804878,
    "J": 0.013658536585365854,
    "E": 0.05853658536585366,
    "Y": 0.010731707317073172,
    "T": 0.033170731707317075,
    "U": 0.05951219512195122,
    "S": 0.014634146341463415,
    "V": 0.003902439024390244,
    "R": 0.004878048780487805,
    "M": 0.014634146341463415,
    "G": 0.005853658536585366,
    "L": 0.006829268292682927,
    "P": 0.004878048780487805,
    "D": 0.006829268292682927,
    "B": 0.003902439024390244,
    "H": 0.000975609756097561,
    "C": 0.002926829268292683
  },
  "K": {
    "A": 0.40294840294840295,
    "O": 0.09828009828009827,
    "R": 0.051597051597051594,
    "E": 0.0687960687960688,
    " ": 0.06142506142506143,
    "H": 0.06388206388206388,
    "U": 0.14742014742014742,
    "N": 0.002457002457002457,
    "W": 0.002457002457002457,
    "I": 0.0343980343980344,
    "D": 0.002457002457002457,
    "K": 0.012285012285012284,
    "S": 0.029484029484029485,
    "T": 0.014742014742014743,
    "M": 0.002457002457002457,
    "L": 0.004914004914004914
  },
  "W": {
    "A": 0.8631578947368421,
    "D": 0.031578947368421054,
    "I": 0.010526315789473684,
    "R": 0.021052631578947368,
    "E": 0.05263157894736842,
    " ": 0.021052631578947368
  },
  "L": {
    " ": 0.22160664819944598,
    "I": 0.09418282548476455,
    "L": 0.16897506925207756,
    "A": 0.2853185595567867,
    "E": 0.04155124653739612,
    "P": 0.0110803324099723,
    "M": 0.002770083102493075,
    "U": 0.0332409972299169,
    "B": 0.002770083102493075,
    "O": 0.04155124653739612,
    "D": 0.00554016620498615,
    "Y": 0.013850415512465374,
    "K": 0.01662049861495845,
    "N": 0.002770083102493075,
    "J": 0.008310249307479225,
    "H": 0.00554016620498615,
    "T": 0.008310249307479225,
    "V": 0.013850415512465374,
    "W": 0.00554016620498615,
    "S": 0.0110803324099723,
    "G": 0.00554016620498615
  },
  "H": {
    "S": 0.0051813471502590676,
    " ": 0.14507772020725387,
    "N": 0.027202072538860103,
    "A": 0.39378238341968913,
    "O": 0.05569948186528497,
    "P": 0.0012953367875647669,
    "E": 0.054404145077720206,
    "R": 0.042746113989637305,
    "U": 0.06347150259067358,
    "H": 0.0051813471502590676,
    "I": 0.1411917098445596,
    "J": 0.0051813471502590676,
    "L": 0.0025906735751295338,
    "W": 0.015544041450777202,
    "D": 0.0025906735751295338,
    "T": 0.0051813471502590676,
    "Y": 0.011658031088082901,
    "K": 0.007772020725388601,
    "V": 0.0051813471502590676,
    "M": 0.0051813471502590676,
    "G": 0.0025906735751295338,
    "B": 0.0012953367875647669
  },
  "S": {
    "E": 0.04257907542579075,
    "A": 0.2542579075425791,
    "H": 0.2688564476885645,
    "K": 0.004866180048661801,
    "W": 0.046228710462287104,
    " ": 0.0267639902676399,
    "I": 0.046228710462287104,
    "G": 0.0012165450121654502,
    "U": 0.16423357664233576,
    "T": 0.023114355231143552,
    "V": 0.00851581508515815,
    "S": 0.0024330900243309003,
    "O": 0.043795620437956206,
    "M": 0.006082725060827251,
    "P": 0.0024330900243309003,
    "N": 0.006082725060827251,
    "R": 0.049878345498783457,
    "C": 0.0012165450121654502,
    "Y": 0.0012165450121654502
  },
  "N": {
    " ": 0.23641851106639838,
    "A": 0.20020120724346077,
    "K": 0.04426559356136821,
    "E": 0.04225352112676056,
    "D": 0.15593561368209255,
    "G": 0.06639839034205232,
    "J": 0.025150905432595575,
    "S": 0.007042253521126761,
    "N": 0.023138832997987926,
    "M": 0.006036217303822937,
    "I": 0.09557344064386318,
    "T": 0.04124748490945674,
    "H": 0.005030181086519115,
    "U": 0.019114688128772636,
    "P": 0.0030181086519114686,
    "W": 0.002012072434607646,
    "C": 0.01006036217303823,
    "Y": 0.009054325955734407,
    "O": 0.005030181086519115,
    "Z": 0.001006036217303823,
    "B": 0.001006036217303823,
    "R": 0.001006036217303823
  },
  "M": {
    "A": 0.44768439108061747,
    "R": 0.017152658662092625,
    " ": 0.11320754716981132,
    "M": 0.02058319039451115,
    "O": 0.04974271012006861,
    "B": 0.030874785591766724,
    "I": 0.0686106346483705,
    "U": 0.09948542024013722,
    "E": 0.07032590051457976,