{
  " ": {
    "A": 0.006006864988558352,
    "B": 0.04576659038901602,
    "C": 0.1267162471395881,
    "S": 0.05320366132723112,
    "T": 0.03518306636155606,
    "F": 0.04490846681922197,
    "P": 0.015160183066361556,
    "E": 0.005148741418764302,
    "M": 0.2374141876430206,
    "D": 0.09525171624713959,
    "G": 0.05835240274599542,
    "H": 0.07551487414187644,
    "I": 0.0011441647597254005,
    "J": 0.0011441647597254005,
    "K": 0.04748283752860412,
    "L": 0.038901601830663615,
    "N": 0.02459954233409611,
    "O": 0.03232265446224256,
    "Q": 0.010583524027459955,
    "R": 0.029748283752860413,
    "V": 0.003146453089244851,
    "W": 0.012013729977116704,
    "Y": 0.0002860411899313501
  },
  "A": {
    "B": 0.0030469226081657527,
    "H": 0.0725167580743449,
    "G": 0.06886045094454601,
    "R": 0.19195612431444242,
    "N": 0.18403412553321147,
    "S": 0.028031687995124923,
    "T": 0.029250457038391225,
    "L": 0.11151736745886655,
    "M": 0.019500304692260818,
    "K": 0.0030469226081657527,
    "Y": 0.010968921389396709,
    "I": 0.042656916514320534,
    "C": 0.04143814747105423,
    "D": 0.04204753199268738,
    "W": 0.010359536867763558,
    "Z": 0.004875076173065204,
    "U": 0.03534430225472273,
    "F": 0.017672151127361365,
    "A": 0.001218769043266301,
    "V": 0.04082876294942109,
    " ": 0.031687995124923825,
    "P": 0.0018281535648994515,
    "X": 0.001218769043266301,
    "O": 0.005484460694698354,
    "E": 0.0006093845216331506
  },
  "B": {
    "R": 0.3716475095785441,
    "A": 0.09195402298850575,
    "E": 0.12643678160919541,
    "I": 0.04597701149425287,
    "L": 0.03065134099616858,
    "O": 0.18007662835249041,
    "U": 0.022988505747126436,
    "Y": 0.022988505747126436,
    " ": 0.019157088122605363,
    "B": 0.0421455938697318,
    "N": 0.007662835249042145,
    "H": 0.038314176245210725
  },
  "R": {
    "A": 0.12243346007604562,
    "N": 0.05779467680608365,
    "G": 0.016730038022813688,
    "M": 0.02585551330798479,
    "O": 0.11102661596958174,
    "D": 0.01749049429657795,
    " ": 0.10114068441064639,
    "R": 0.11178707224334601,
    "I": 0.13155893536121674,
    "K": 0.022053231939163497,
    "E": 0.10874524714828897,
    "U": 0.022813688212927757,
    "Y": 0.01064638783269962,
    "T": 0.06007604562737642,
    "B": 0.009125475285171103,
    "L": 0.026615969581749048,
    "V": 0.013688212927756654,
    "W": 0.0045627376425855515,
    "F": 0.003041825095057034,
    "C": 0.0045627376425855515,
    "S": 0.008365019011406844,
    "H": 0.0038022813688212928,
    "P": 0.006083650190114068
  },
  "H": {
    "A": 0.40525739320920046,
    "E": 0.23329682365826945,
    " ": 0.10076670317634173,
    "F": 0.0032858707557502738,
    "I": 0.06571741511500548,
    "O": 0.10076670317634173,
    "M": 0.001095290251916758,
    "L": 0.01533406352683461,
    "T": 0.009857612267250822,
    "U": 0.03176341730558598,
    "N": 0.009857612267250822,
    "R": 0.012048192771084338,
    "Y": 0.00547645125958379,
    "D": 0.002190580503833516,
    "S": 0.001095290251916758,
    "G": 0.002190580503833516
  },
  "M": {
    " ": 0.020484171322160148,
    "S": 0.002793296089385475,
    "I": 0.054003724394785846,
    "B": 0.00931098696461825,
    "M": 0.0186219739292365,
    "A": 0.17225325884543763,
    "O": 0.10986964618249534,
    "E": 0.06424581005586592,
    "L": 0.008379888268156424,
    "P": 0.002793296089385475,
    "G": 0.00186219739292365,
    "R": 0.000931098696461825,
    "U": 0.09497206703910614,
    "C": 0.4273743016759777,
    "N": 0.000931098696461825,
    "Y": 0.002793296089385475,
    "H": 0.008379888268156424
  },
  "G": {
    "A": 0.33159947984395316,
    "N": 0.013003901170351105,
    "L": 0.0611183355006502,
    "U": 0.0754226267880364,
    " ": 0.045513654096228866,
    "T": 0.005201560468140442,
    "I": 0.10273081924577374,
    "H": 0.15474642392717816,
    "G": 0.0247074122236671,
    "E": 0.04811443433029909,
    "R": 0.06892067620286085,
    "O": 0.06762028608582575,
    "S": 0.0013003901170351106
  },
  "N": {
    " ": 0.4945193929173693,
    "E": 0.1475548060708263,
    "G": 0.010961214165261383,
    "S": 0.005902192242833052,
    "F": 0.0012647554806070826,
    "K": 0.0037942664418212477,
    "N": 0.09190556492411467,
    "A": 0.08768971332209106,
    "O": 0.03709949409780776,
    "W": 0.0016863406408094434,
    "C": 0.0096964586846543,
    "D": 0.013069139966273187,
    "I": 0.04468802698145025,
    "T": 0.013490725126475547,
    "B": 0.0008431703204047217,
    "L": 0.015598650927487353,
    "M": 0.00042158516020236085,
    "R": 0.007166947723440135,
    "V": 0.0016863406408094434,
    "P": 0.0012647554806070826,
    "U": 0.006745362563237774,
    "Y": 0.002529510961214165,
    "H": 0.00042158516020236085
  },
  "W": {
    " ": 0.14507772020725387,
    "I": 0.10880829015544041,
    "E": 0.21243523316062177,
    "D": 0.031088082901554404,
    "L": 0.10362694300518134,
    "A": 0.14507772020725387,
    "O": 0.08808290155440414,
    "N": 0.046632124352331605,
    "Y": 0.02072538860103627,
    "K": 0.0051813471502590676,
    "H": 0.07772020725388601,
    "R": 0.015544041450777202
  },
  "E": {
    "A": 0.11181702668360864,
    "R": 0.15120711562897077,
    " ": 0.22617534942820838,
    "L": 0.11753494282083862,
    "E": 0.08576874205844981,
    "T": 0.017789072426937738,
    "G": 0.019695044472681066,
    "H": 0.029224904701397714,
    "I": 0.029224904701397714,
    "C": 0.0031766200762388818,
    "D": 0.011435832274459974,
    "N": 0.09974587039390088,
    "S": 0.022871664548919948,
    "W": 0.0044472681067344345,
    "M": 0.008894536213468869,
    "V": 0.029224904701397714,
    "B": 0.0019059720457433292,
    "U": 0.0025412960609911056,
    "O": 0.010165184243964422,
    "F": 0.008894536213468869,
    "Y": 0.0063532401524777635,
    "P": 0.0012706480304955528,
    "X": 0.0006353240152477764
  },
  "L": {
    "I": 0.11496598639455782,
    "D": 0.012244897959183673,
    "F": 0.006802721088435374,
    "L": 0.21020408163265306,
    "A": 0.16394557823129252,
    " ": 0.11224489795918367,
    "E": 0.1816326530612245,
    "T": 0.010884353741496598,
    "B": 0.006802721088435374,
    "G": 0.004761904761904762,
    "H": 0.0163265306122449,
    "K": 0.00816326530612245,
    "N": 0.0013605442176870747,
    "V": 0.01020408163265306,
    "O": 0.0782312925170068,
    "U": 0.01292517006802721,
    "Y": 0.0163265306122449,
    "M": 0.006122448979591836,
    "S": 0.006122448979591836,
    "W": 0.003401360544217687,
    "P": 0.0027210884353741495,
    "R": 0.007482993197278911,
    "C": 0.005442176870748299,
    "Q": 0.0006802721088435374
  },
  "S": {
    "B": 0.005076142131979695,
    "T": 0.05922165820642978,
    "H": 0.1658206429780034,
    " ": 0.32656514382402707,
    "N": 0.015228426395939087,
    "S": 0.049069373942470386,
    "I": 0.03722504230118443,
    "L": 0.032148900169204735,
    "O": 0.032148900169204735,
    "E": 0.06598984771573604,
    "A": 0.032148900169204735,
    "K": 0.06260575296108291,
    "G": 0.008460236886632826,
    "M": 0.008460236886632826,
    "C": 0.03553299492385787,
    "P": 0.01015228426395939,
    "F": 0.00338409475465313,
    "W": 0.02707275803722504,
    "R": 0.001692047377326565,
    "U": 0.018612521150592216,
    "Y": 0.00338409475465313
  },
  "O": {
    " ": 0.018739352640545145,
    "N": 0.196763202725724,
    "A": 0.020442930153321975,
    "D": 0.02555366269165247,
    "G": 0.041737649063032366,
    "H": 0.034071550255536626,
    "L": 0.11499148211243612,
    "R": 0.13287904599659284,
    "U": 0.05536626916524702,
    "V": 0.011073253833049404,
    "W": 0.04514480408858603,
    "Y": 0.028960817717206135,
    "C": 0.010221465076660987,
    "P": 0.004258943781942078,
    "S": 0.024701873935264053,
    "T": 0.012776831345826235,
    "O": 0.06984667802385008,
    "E": 0.004258943781942078,
    "F": 0.0068143100511073255,
    "I": 0.01192504258943782,
    "K": 0.0068143100511073255,
    "M": 0.028109028960817718,
    "B": 0.004258943781942078,