{"A": {"B": 0.0026899798251513113, "H": 0.0773369199731002, "G": 0.06657700067249496, "R": 0.20376597175521183, "N": 0.19502353732347008, "S": 0.02824478816408877, "T": 0.02824478816408877, "L": 0.11297915265635508, "M": 0.01815736381977135, "K": 0.0033624747814391394, "Y": 0.011432414256893073, "I": 0.03026227303295225, "C": 0.03295225285810356, "D": 0.03496973772696705, "W": 0.011432414256893073, "Z": 0.005379959650302623, "U": 0.03833221250840619, "F": 0.019502353732347006, "A": 0.0013449899125756557, "V": 0.04438466711499664, " ": 0.03026227303295225, "P": 0.0020174848688634837, "X": 0.0013449899125756557}, "B": {"R": 0.37083333333333335, "A": 0.1, "E": 0.1375, "I": 0.05, "L": 0.03333333333333333, "O": 0.19166666666666668, "U": 0.025, "Y": 0.020833333333333332, " ": 0.016666666666666666, "B": 0.04583333333333333, "N": 0.008333333333333333}, "R": {"A": 0.1201923076923077, "N": 0.058493589743589744, "G": 0.016025641025641024, "M": 0.02403846153846154, "O": 0.11458333333333333, "D": 0.017628205128205128, " ": 0.10176282051282051, "R": 0.11538461538461539, "I": 0.12900641025641027, "K": 0.022435897435897436, "E": 0.10897435897435898, "U": 0.020833333333333332, "Y": 0.010416666666666666, "T": 0.06169871794871795, "B": 0.008814102564102564, "L": 0.026442307692307692, "V": 0.014423076923076924, "W": 0.004807692307692308, "F": 0.003205128205128205, "C": 0.003205128205128205, "S": 0.008814102564102564, "H": 0.003205128205128205, "P": 0.005608974358974359}, "H": {"A": 0.40736196319018403, "E": 0.25153374233128833, " ": 0.08588957055214724, "F": 0.0036809815950920245, "I": 0.06625766871165645, "O": 0.10797546012269939, "M": 0.001226993865030675, "L": 0.014723926380368098, "T": 0.008588957055214725, "U": 0.029447852760736196, "N": 0.007361963190184049, "R": 0.011042944785276074, "Y": 0.0049079754601227}, "M": {" ": 0.01968503937007874, "S": 0.002952755905511811, "I": 0.05511811023622047, "B": 0.00984251968503937, "M": 0.01968503937007874, "A": 0.16043307086614172, "O": 0.10728346456692914, "E": 0.06594488188976377, "L": 0.008858267716535433, "P": 0.002952755905511811, "G": 0.001968503937007874, "R": 0.000984251968503937, "U": 0.09448818897637795, "C": 0.44586614173228345, "N": 0.000984251968503937, "Y": 0.002952755905511811}, "G": {"A": 0.33516483516483514, "N": 0.013736263736263736, "L": 0.06318681318681318, "U": 0.07417582417582418, " ": 0.04395604395604396, "T": 0.005494505494505495, "I": 0.1043956043956044, "H": 0.1401098901098901, "G": 0.0260989010989011, "E": 0.04945054945054945, "R": 0.07280219780219781, "O": 0.07005494505494506, "S": 0.0013736263736263737}, "N": {" ": 0.4896860986547085, "E": 0.15022421524663676, "G": 0.010762331838565023, "S": 0.006278026905829596, "F": 0.0013452914798206279, "K": 0.004035874439461884, "N": 0.09147982062780269, "A": 0.08744394618834081, "O": 0.03587443946188341, "W": 0.0017937219730941704, "C": 0.008968609865470852, "D": 0.013452914798206279, "I": 0.04618834080717489, "T": 0.014349775784753363, "B": 0.0008968609865470852, "L": 0.016591928251121078, "M": 0.0004484304932735426, "R": 0.007623318385650224, "V": 0.0017937219730941704, "P": 0.0013452914798206279, "U": 0.006278026905829596, "Y": 0.0026905829596412557, "H": 0.0004484304932735426}, "W": {" ": 0.14814814814814814, "I": 0.10582010582010581, "E": 0.21164021164021163, "D": 0.031746031746031744, "L": 0.10582010582010581, "A": 0.14814814814814814, "O": 0.08994708994708994, "N": 0.047619047619047616, "Y": 0.021164021164021163, "K": 0.005291005291005291, "H": 0.06878306878306878, "R": 0.015873015873015872}, "E": {"A": 0.10554442217768871, "R": 0.15564462257849032, " ": 0.22578490313961255, "L": 0.11823647294589178, "E": 0.08817635270541083, "T": 0.018036072144288578, "G": 0.019372077488309953, "H": 0.03006012024048096, "I": 0.026720106880427523, "C": 0.0026720106880427524, "D": 0.011356045424181697, "N": 0.10287241148964596, "S": 0.02338009352037408, "W": 0.004676018704074816, "M": 0.009352037408149633, "V": 0.028724114896459586, "B": 0.002004008016032064, "U": 0.0026720106880427524, "O": 0.008684034736138945, "F": 0.008016032064128256, "Y": 0.006012024048096192, "P": 0.0013360053440213762, "X": 0.0006680026720106881}, "L": {"I": 0.11764705882352941, "D": 0.01291248206599713, "F": 0.007173601147776184, "L": 0.20803443328550933, "A": 0.15925394548063126, " ": 0.10760401721664276, "E": 0.18579626972740315, "T": 0.011477761836441894, "B": 0.007173601147776184, "G": 0.005021520803443328, "H": 0.01721664275466284, "K": 0.00860832137733142, "N": 0.0014347202295552368, "V": 0.010760401721664276, "O": 0.07962697274031563, "U": 0.01291248206599713, "Y": 0.01649928263988522, "M": 0.005021520803443328, "S": 0.006456241032998565, "W": 0.003586800573888092, "P": 0.0028694404591104736, "R": 0.007173601147776184, "C": 0.005021520803443328, "Q": 0.0007173601147776184}, "S": {"B": 0.005338078291814947, "T": 0.060498220640569395, "H": 0.16725978647686832, " ": 0.3309608540925267, "N": 0.01601423487544484, "S": 0.0498220640569395, "I": 0.033807829181494664, "L": 0.030249110320284697, "O": 0.033807829181494664, "E": 0.06227758007117438, "A": 0.028469750889679714, "K": 0.06583629893238434, "G": 0.008896797153024912, "M": 0.0071174377224199285, "C": 0.03558718861209965, "P": 0.010676156583629894, "F": 0.0035587188612099642, "W": 0.028469750889679714, "R": 0.0017793594306049821, "U": 0.01601423487544484, "Y": 0.0035587188612099642}, "O": {" ": 0.02, "N": 0.1918181818181818, "A": 0.02, "D": 0.023636363636363636, "G": 0.04090909090909091, "H": 0.03363636363636364, "L": 0.11363636363636363, "R": 0.13818181818181818, "U": 0.05909090909090909, "V": 0.01090909090909091, "W": 0.04727272727272727, "Y": 0.02909090909090909, "C": 0.01, "P": 0.004545454545454545, "S": 0.026363636363636363, "T": 0.012727272727272728, "O": 0.07272727272727272, "E": 0.004545454545454545, "F": 0.007272727272727273, "I": 0.00909090909090909, "K": 0.007272727272727273, "M": 0.026363636363636363, "B": 0.0027272727272727275, "\u2019": 0.08818181818181818}, "T": {"R": 0.052770448548812667, " ": 0.20316622691292877, "H": 0.044854881266490766, "O": 0.18469656992084432, "E": 0.13192612137203166, "L": 0.026385224274406333, "I": 0.09498680738786279, "T": 0.047493403693931395, "N": 0.018469656992084433, "S": 0.0079155672823219, "W": 0.021108179419525065, "A": 0.0712401055408971, "Z": 0.03430079155672823, "C": 0.013192612137203167, "U": 0.036939313984168866, "Y": 0.010554089709762533}, "Y": {" ": 0.8812915479582146, "N": 0.0446343779677113, "C": 0.000949667616334283, "L": 0.018043684710351376, "A": 0.014245014245014245, "S": 0.002849002849002849, "R": 0.005698005698005698, "W": 0.001899335232668566, "M": 0.000949667616334283, "E": 0.012345679012345678, "D": 0.006647673314339981, "O": 0.005698005698005698, "B": 0.000949667616334283, "H": 0.002849002849002849, "T": 0.000949667616334283}, "D": {"W": 0.0070052539404553416, " ": 0.13660245183887915, "E": 0.2136602451838879, "K": 0.0017513134851138354, "I": 0.06654991243432574, "L": 0.012259194395796848, "O": 0.2434325744308231, "R": 0.07180385288966724, "G": 0.008756567425569177, "A": 0.09632224168126094, "D": 0.03852889667250438, "U": 0.08581436077057793, "Y": 0.005253940455341506, "M": 0.0035026269702276708, "N": 0.0017513134851138354, "S": 0.0035026269702276708, "H": 0.0035026269702276708}, "F": {"I": 0.1624203821656051, " ": 0.0732484076433121, "F": 0.18471337579617833, "E": 0.2356687898089172, "R": 0.025477707006369428, "L": 0.07006369426751592, "O": 0.08917197452229299, "A": 0.1305732484076433, "U": 0.009554140127388535, "Y": 0.0031847133757961785, "N": 0.006369426751592357, "T": 0.009554140127388535}, "I": {"E": 0.037914691943127965, "L": 0.20497630331753555, "N": 0.24407582938388625, "R": 0.045023696682464455, "G": 0.11374407582938388, "F": 0.03317535545023697, "C": 0.054502369668246446, "A": 0.023696682464454975, "D": 0.026066350710900472, "O": 0.022511848341232227, "H": 0.024881516587677725, "K": 0.008293838862559242, "T": 0.054502369668246446, "S": 0.037914691943127965,