{" ": {"A": 0.05090992858788298, "B": 0.04929739691315365, "C": 0.04906703524533518, "E": 0.04630269523151347, "O": 0.04653305689933195, "U": 0.038931121861322276, "D": 0.0147431467403824, "I": 0.046763418567150425, "G": 0.049988481916609075, "M": 0.051831375259156875, "P": 0.0497581202487906, "V": 0.04745450357060585, "T": 0.046763418567150425, "F": 0.04906703524533518, "L": 0.042156185210780926, "N": 0.046763418567150425, "R": 0.0479152269062428, "S": 0.0488366735775167, "H": 0.03271135683022345, "J": 0.024648698456576825, "K": 0.0414651002073255, "Q": 0.032020271826768025, "Z": 0.046072333563695}, "A": {"B": 0.012954966070326958, "T": 0.05860579888957434, " ": 0.202344231955583, "C": 0.044108574953732264, "M": 0.03763109191856878, "R": 0.15237507711289328, "V": 0.024059222702035782, "D": 0.016656384947563233, "G": 0.0351634793337446, "Z": 0.020974706971005553, "I": 0.011721159777914868, "L": 0.07742134484885872, "N": 0.2134484885872918, "S": 0.05243676742751388, "P": 0.014805675508945095, "U": 0.008328192473781616, "O": 0.003392967304133251, "F": 0.003701418877236274, "1": 0.00030845157310302283, "E": 0.0027760641579272056, "H": 0.0012338062924120913, "K": 0.00215916101172116, "X": 0.00030845157310302283, "Y": 0.0009253547193090684, "Q": 0.0009253547193090684, "J": 0.0009253547193090684, "A": 0.00030845157310302283}, "B": {"A": 0.20689655172413793, "B": 0.034482758620689655, "R": 0.12413793103448276, "E": 0.2689655172413793, "I": 0.1471264367816092, "O": 0.15862068965517243, "L": 0.006896551724137931, "U": 0.04367816091954023, "T": 0.0022988505747126436, " ": 0.006896551724137931}, "E": {" ": 0.17877679038159958, "S": 0.08416100365917407, "L": 0.13852587558808155, "R": 0.22007318348144275, "G": 0.01934134866701516, "T": 0.08416100365917407, "N": 0.11186617877679038, "A": 0.004704652378463147, "I": 0.008886565603763722, "O": 0.010454783063251438, "D": 0.026136957658128592, "M": 0.026136957658128592, "V": 0.012023000522739153, "Z": 0.009932043910088865, "C": 0.02195504443282802, "P": 0.012023000522739153, "F": 0.007318348144276007, "B": 0.00836382645060115, "H": 0.0026136957658128594, "K": 0.0015682174594877157, "U": 0.005227391531625719, "Y": 0.0015682174594877157, "W": 0.0010454783063251437, "J": 0.0010454783063251437, "E": 0.0015682174594877157, "Q": 0.0005227391531625719}, "I": {" ": 0.4933811362382791, "V": 0.012961941533370104, "N": 0.1458907887479316, "E": 0.025648097076668507, "R": 0.01709873138444567, "M": 0.015444015444015444, "B": 0.005791505791505791, "G": 0.02151130722559294, "S": 0.029509100937672367, "L": 0.024269167126309985, "C": 0.043574186431329286, "A": 0.06591285162713734, "O": 0.03392167677881964, "U": 0.01075565361279647, "D": 0.01020408163265306, "Z": 0.01020408163265306, "T": 0.019856591285162713, "F": 0.002482073910645339, "P": 0.008549365692222834, "Q": 0.0005515719801434088, "H": 0.0002757859900717044, "J": 0.0002757859900717044, "K": 0.0019305019305019305}, "R": {"U": 0.026239067055393587, "D": 0.05597667638483965, "S": 0.026239067055393587, "E": 0.11428571428571428, "A": 0.15393586005830903, "O": 0.1043731778425656, "T": 0.06647230320699708, "I": 0.18542274052478133, "C": 0.036151603498542274, "G": 0.02507288629737609, "M": 0.010495626822157435, "N": 0.022740524781341108, "P": 0.003498542274052478, "R": 0.07055393586005831, "B": 0.018075801749271137, "L": 0.018075801749271137, "V": 0.00641399416909621, " ": 0.03906705539358601, "F": 0.0023323615160349854, "Z": 0.010495626822157435, "W": 0.0011661807580174927, "K": 0.0011661807580174927, "H": 0.0011661807580174927, "Q": 0.0005830903790087463}, "U": {"Z": 0.04015056461731493, "A": 0.13174404015056462, "R": 0.13676286072772897, "N": 0.06900878293601004, "S": 0.08531994981179424, "C": 0.10664993726474278, "I": 0.06775407779171895, " ": 0.05897114178168131, "L": 0.05897114178168131, "D": 0.02258469259723965, "T": 0.025094102885821833, "F": 0.006273525721455458, "O": 0.01756587202007528, "B": 0.025094102885821833, "K": 0.0037641154328732747, "E": 0.050188205771643665, "G": 0.04893350062735257, "M": 0.026348808030112924, "P": 0.0075282308657465494, "H": 0.0012547051442910915, "Y": 0.0012547051442910915, "V": 0.006273525721455458, "J": 0.0012547051442910915, "Q": 0.0012547051442910915}, "Z": {"Z": 0.28714859437751006, "E": 0.09437751004016064, "I": 0.12449799196787148, "A": 0.27309236947791166, "O": 0.11044176706827309, "U": 0.05220883534136546, " ": 0.04819277108433735, "N": 0.004016064257028112, "W": 0.002008032128514056, "M": 0.002008032128514056, "T": 0.002008032128514056}, "C": {"A": 0.1890179514255544, "C": 0.24181626187961985, "O": 0.1583949313621964, "Q": 0.007391763463569166, "E": 0.07074973600844774, "H": 0.16684266103484688, "I": 0.11087645195353749, "U": 0.014783526927138331, "L": 0.004223864836325237, "R": 0.012671594508975714, "K": 0.008447729672650475, "T": 0.0031678986272439284, "Z": 0.0031678986272439284, " ": 0.008447729672650475}, "M": {"P": 0.06343283582089553, "U": 0.020522388059701493, "A": 0.38992537313432835, "B": 0.11194029850746269, "E": 0.09701492537313433, "I": 0.13246268656716417, "M": 0.04477611940298507, "O": 0.12126865671641791, "R": 0.0018656716417910447, "Z": 0.0018656716417910447, " ": 0.009328358208955223, "S": 0.0018656716417910447, "C": 0.0018656716417910447, "Y": 0.0018656716417910447}, "P": {"O": 0.1186046511627907, "I": 0.19534883720930232, "R": 0.05813953488372093, "A": 0.27209302325581397, "E": 0.18372093023255814, "P": 0.1186046511627907, "U": 0.02558139534883721, "L": 0.011627906976744186, "T": 0.002325581395348837, " ": 0.011627906976744186, "B": 0.002325581395348837}, "O": {"R": 0.12601957585644372, " ": 0.3727569331158238, "G": 0.009787928221859706, "L": 0.09176182707993474, "S": 0.057096247960848286, "V": 0.031402936378466556, "N": 0.1464110929853181, "I": 0.005301794453507341, "M": 0.02528548123980424, "D": 0.015905383360522024, "T": 0.0367047308319739, "Z": 0.010603588907014683, "C": 0.02528548123980424, "B": 0.012234910277324634, "F": 0.00734094616639478, "P": 0.01101141924959217, "U": 0.004486133768352365, "O": 0.0008156606851549756, "W": 0.0016313213703099511, "E": 0.0016313213703099511, "H": 0.0020391517128874386, "J": 0.0008156606851549756, "K": 0.0024469820554649264, "Y": 0.0004078303425774878, "A": 0.0008156606851549756}, "G": {"L": 0.1088, "A": 0.1568, "N": 0.0768, "O": 0.064, "R": 0.0864, "U": 0.0544, "H": 0.0544, "I": 0.2096, "E": 0.1056, "G": 0.0624, "M": 0.0016, " ": 0.0192}, "Q": {"U": 0.9753086419753086, "E": 0.006172839506172839, "W": 0.018518518518518517}, "V": {"I": 0.3316953316953317, "A": 0.31203931203931207, "E": 0.2751842751842752, "O": 0.07125307125307126, "C": 0.002457002457002457, "S": 0.002457002457002457, "U": 0.004914004914004914}, "D": {"A": 0.12352941176470589, "I": 0.2529411764705882, "R": 0.10882352941176471, "E": 0.20294117647058824, "O": 0.15588235294117647, "D": 0.06764705882352941, "U": 0.047058823529411764, " ": 0.023529411764705882, "W": 0.0029411764705882353, "L": 0.0029411764705882353, "N": 0.0029411764705882353, "G": 0.0029411764705882353, "Z": 0.0029411764705882353, "M": 0.0029411764705882353}, "N": {"O": 0.0786908077994429, "E": 0.11350974930362116, "D": 0.07311977715877438, "S": 0.017409470752089137, "N": 0.08147632311977716, "T": 0.14554317548746518, "A": 0.10863509749303621, "I": 0.08983286908077995, "C": 0.0584958217270195, " ": 0.0766016713091922, "G": 0.057103064066852366, "U": 0.027855153203342618, "Z": 0.04596100278551532, "F": 0.008356545961002786, "V": 0.004874651810584958, "Q": 0.0020891364902506965, "R": 0.004178272980501393, "B": 0.0006963788300835655, "K": 0.0020891364902506965, "Y": 0.0006963788300835655, "L": 0.0020891364902506965, "P": 0.0006963788300835655}, "L": {"F": 0.01347068145800317, "L": 0.196513470681458, " ": 0.1259904912836767, "D": 0.03645007923930269, "A": 0.12123613312202852, "B": 0.011093502377179081, "E": 0.10063391442155309, "I": 0.21949286846275753, "O": 0.06893819334389857, "T": 0.014263074484944533, "U": 0.03565768621236133,