{
    " ":{
       "A":0.02294921875,
       "Y":0.0595703125,
       "I":0.03857421875,
       "K":0.10205078125,
       "J":0.0029296875,
       "M":0.06787109375,
       "N":0.02978515625,
       "T":0.06640625,
       "S":0.09130859375,
       "H":0.06689453125,
       "B":0.0009765625,
       "C":0.0048828125,
       "D":0.00390625,
       "E":0.00634765625,
       "F":0.01318359375,
       "R":0.0068359375,
       "G":0.00537109375,
       "U":0.0048828125,
       "O":0.01904296875,
       "W":0.00146484375
    },
    "A":{
       "B":0.015810276679841896,
       "K":0.15731225296442689,
       "G":0.021343873517786563,
       "Z":0.022134387351778657,
       "M":0.08142292490118577,
       " ":0.25296442687747034,
       "N":0.06403162055335969,
       "S":0.108300395256917,
       "F":0.0015810276679841897,
       "Y":0.02924901185770751,
       "O":0.020553359683794466,
       "R":0.05612648221343874,
       "T":0.06324110671936758,
       "W":0.03873517786561265,
       "J":0.008695652173913044,
       "D":0.018972332015810278,
       "H":0.017391304347826087,
       "A":0.0023715415019762848,
       "C":0.0047430830039525695,
       "I":0.011067193675889328,
       "E":0.003952569169960474
    },
    "E":{
       " ":0.2688679245283019,
       "R":0.04245283018867924,
       "T":0.08018867924528301,
       "D":0.02830188679245283,
       "S":0.04245283018867924,
       "A":0.014150943396226415,
       "B":0.0047169811320754715,
       "N":0.14622641509433962,
       "G":0.02830188679245283,
       "I":0.1320754716981132,
       "K":0.08490566037735849,
       "Z":0.018867924528301886,
       "Y":0.03773584905660377,
       "J":0.014150943396226415,
       "H":0.02830188679245283,
       "M":0.02358490566037736,
       "U":0.0047169811320754715
    },
    "Y":{
       "O":0.29545454545454547,
       "U":0.2,
       "A":0.5045454545454545
    },
    "O":{
       "S":0.10679611650485436,
       " ":0.4587378640776699,
       "B":0.03155339805825243,
       "R":0.06553398058252427,
       "K":0.06067961165048544,
       "Y":0.021844660194174758,
       "T":0.061893203883495146,
       "I":0.015776699029126214,
       "M":0.03033980582524272,
       "J":0.019417475728155338,
       "N":0.050970873786407765,
       "G":0.012135922330097087,
       "Z":0.013349514563106795,
       "C":0.0048543689320388345,
       "W":0.0024271844660194173,
       "H":0.014563106796116505,
       "U":0.010922330097087379,
       "D":0.013349514563106795,
       "E":0.0012135922330097086,
       "F":0.0012135922330097086,
       "A":0.0024271844660194173
    },
    "S":{
       "H":0.4782608695652174,
       "A":0.2246376811594203,
       "S":0.0018115942028985507,
       "E":0.059782608695652176,
       "U":0.2210144927536232,
       "O":0.014492753623188406
    },
    "H":{
       "I":0.6578313253012048,
       "U":0.06746987951807229,
       "O":0.09156626506024096,
       "A":0.1710843373493976,
       "E":0.012048192771084338
    },
    "I":{
       "T":0.05722599418040737,
       "K":0.05431619786614937,
       " ":0.39864209505334625,
       "N":0.07371483996120272,
       "Y":0.03976721629485936,
       "R":0.08244422890397672,
       "G":0.02230843840931135,
       "C":0.040737148399612025,
       "D":0.03976721629485936,
       "S":0.05625606207565471,
       "M":0.0533462657613967,
       "B":0.006789524733268671,
       "H":0.015518913676042677,
       "F":0.0019398642095053346,
       "W":0.012609117361784675,
       "J":0.008729388942774006,
       "I":0.004849660523763337,
       "A":0.0038797284190106693,
       "Z":0.020368574199806012,
       "E":0.0019398642095053346,
       "O":0.002909796314258002,
       "U":0.0019398642095053346
    },
    "T":{
       "E":0.07420494699646643,
       "S":0.2826855123674912,
       "A":0.42402826855123676,
       "O":0.1978798586572438,
       "T":0.02120141342756184
    },
    "U":{
       " ":0.1646586345381526,
       "M":0.10240963855421686,
       "S":0.04618473895582329,
       "K":0.1285140562248996,
       "A":0.012048192771084338,
       "Y":0.030120481927710843,
       "R":0.13654618473895583,
       "Z":0.04417670682730924,
       "I":0.012048192771084338,
       "J":0.050200803212851405,
       "N":0.05823293172690763,
       "D":0.010040160642570281,
       "H":0.02610441767068273,
       "T":0.04417670682730924,
       "E":0.01606425702811245,
       "C":0.05421686746987952,
       "B":0.02610441767068273,
       "W":0.012048192771084338,
       "G":0.012048192771084338,
       "O":0.006024096385542169,
       "U":0.006024096385542169,
       "F":0.002008032128514056
    },
    "M":{
       "I":0.2671232876712329,
       "A":0.386986301369863,
       "U":0.14726027397260275,
       "O":0.17123287671232876,
       "E":0.0273972602739726
    },
    "K":{
       "A":0.4461942257217848,
       "E":0.10236220472440945,
       "I":0.14960629921259844,
       "U":0.14698162729658792,
       "O":0.15223097112860892,
       "Y":0.0026246719160104987
    },
    "B":{
       "O":0.2,
       "U":0.28,
       "A":0.46,
       "I":0.02,
       "E":0.04
    },
    "N":{
       "T":0.028070175438596492,
       "O":0.1824561403508772,
       "D":0.06315789473684211,
       "Z":0.014035087719298246,
       "I":0.14736842105263157,
       "E":0.028070175438596492,
       " ":0.042105263157894736,
       "A":0.2736842105263158,
       "N":0.03859649122807018,
       "S":0.017543859649122806,
       "G":0.010526315789473684,
       "Y":0.010526315789473684,
       "B":0.056140350877192984,
       "J":0.03508771929824561,
       "M":0.007017543859649123,
       "'":0.007017543859649123,
       "P":0.007017543859649123,
       "U":0.010526315789473684,
       "K":0.010526315789473684,
       "C":0.010526315789473684
    },
    "Z":{
       "U":0.7205882352941176,
       "A":0.2647058823529412,
       "O":0.014705882352941176
    },
    "J":{
       "I":0.926829268292683,
       "O":0.024390243902439025,
       "U":0.04878048780487805
    },
    "F":{
       "U":1.0
    },
    "C":{
       "H":1.0
    },
    "D":{
       "E":0.5714285714285714,
       "A":0.2619047619047619,
       "O":0.16666666666666666
    },
    "R":{
       "A":0.26126126126126126,
       "I":0.2072072072072072,
       "O":0.24324324324324326,
       "U":0.1981981981981982,
       "E":0.02702702702702703,
       "Y":0.06306306306306306
    },
    "G":{
       "A":0.38571428571428573,
       "E":0.2714285714285714,
       "O":0.1,
       "I":0.05714285714285714,
       "U":0.18571428571428572
    },
    "W":{
       "A":1.0
    },
    "'":{
       "I":0.5,
       "E":0.5
    },
    "P":{
       "E":1.0
    }
 }