{
  " ": {
    "A": 0.011682242990654205,
    "B": 0.050623052959501556,
    "C": 0.09034267912772585,
    "D": 0.0264797507788162,
    "G": 0.04439252336448598,
    "H": 0.06853582554517133,
    "I": 0.00778816199376947,
    "J": 0.04750778816199377,
    "K": 0.09345794392523364,
    "L": 0.009345794392523364,
    "M": 0.05763239875389408,
    "N": 0.029595015576323987,
    "O": 0.024922118380062305,
    "P": 0.09190031152647975,
    "Q": 0.003894080996884735,
    "R": 0.0529595015576324,
    "S": 0.11370716510903427,
    "T": 0.045171339563862926,
    "U": 0.0132398753894081,
    "W": 0.0264797507788162,
    "Y": 0.07476635514018691,
    "E": 0.008566978193146417,
    "V": 0.001557632398753894,
    "Z": 0.002336448598130841,
    "Å": 0.003115264797507788
  },
  "A": {
    "H": 0.1794871794871795,
    "E": 0.04700854700854701,
    "I": 0.029914529914529916,
    "N": 0.36324786324786323,
    " ": 0.23076923076923078,
    "R": 0.05128205128205128,
    "A": 0.008547008547008548,
    "C": 0.029914529914529916,
    "M": 0.03418803418803419,
    "G": 0.017094017094017096,
    "K": 0.008547008547008548
  },
  "N": {
    " ": 0.826625386996904,
    "A": 0.07739938080495357,
    "O": 0.009287925696594427,
    "G": 0.058823529411764705,
    "E": 0.006191950464396285,
    "H": 0.006191950464396285,
    "W": 0.015479876160990712
  },
  "B": {
    "A": 0.3783783783783784,
    "O": 0.17567567567567569,
    "Y": 0.08108108108108109,
    "E": 0.0945945945945946,
    "U": 0.06756756756756757,
    "I": 0.05405405405405406,
    "H": 0.05405405405405406,
    " ": 0.0945945945945946
  },
  "E": {
    " ": 0.4485981308411215,
    "O": 0.27102803738317754,
    "N": 0.037383177570093455,
    "E": 0.06542056074766354,
    "U": 0.10747663551401869,
    "A": 0.037383177570093455,
    "H": 0.004672897196261682,
    "G": 0.018691588785046728,
    "K": 0.009345794392523364
  },
  "K": {
    " ": 0.4434782608695652,
    "A": 0.08260869565217391,
    "E": 0.05217391304347826,
    "I": 0.04782608695652174,
    "O": 0.08260869565217391,
    "U": 0.06956521739130435,
    "W": 0.08695652173913043,
    "Y": 0.07391304347826087,
    "G": 0.004347826086956522,
    "K": 0.017391304347826087,
    "H": 0.030434782608695653,
    "Å": 0.008695652173913044
  },
  "I": {
    " ": 0.7101449275362319,
    "N": 0.11594202898550725,
    "H": 0.11594202898550725,
    "L": 0.028985507246376812,
    "E": 0.014492753623188406,
    "K": 0.014492753623188406
  },
  "G": {
    " ": 0.7286585365853658,
    "A": 0.054878048780487805,
    "O": 0.042682926829268296,
    "I": 0.01524390243902439,
    "J": 0.018292682926829267,
    "K": 0.006097560975609756,
    "E": 0.021341463414634148,
    "Å": 0.003048780487804878,
    "H": 0.006097560975609756,
    "B": 0.01524390243902439,
    "P": 0.012195121951219513,
    "U": 0.03048780487804878,
    "W": 0.018292682926829267,
    "Y": 0.01524390243902439,
    "M": 0.012195121951219513
  },
  "O": {
    " ": 0.3713355048859935,
    "N": 0.2703583061889251,
    "U": 0.10749185667752444,
    "O": 0.09446254071661238,
    "C": 0.03257328990228013,
    "H": 0.04560260586319218,
    "B": 0.006514657980456026,
    "S": 0.003257328990228013,
    "K": 0.029315960912052116,
    "G": 0.009771986970684038,
    "W": 0.003257328990228013,
    "A": 0.009771986970684038,
    "R": 0.003257328990228013,
    "M": 0.009771986970684038,
    "E": 0.003257328990228013
  },
  "Y": {
    "U": 0.20540540540540542,
    " ": 0.0918918918918919,
    "O": 0.31891891891891894,
    "A": 0.05405405405405406,
    "E": 0.21621621621621623,
    "Å": 0.0972972972972973,
    "I": 0.010810810810810811,
    "N": 0.005405405405405406
  },
  "C": {
    "H": 0.9130434782608695,
    "K": 0.008695652173913044,
    "A": 0.043478260869565216,
    "O": 0.02608695652173913,
    "Y": 0.008695652173913044
  },
  "H": {
    "A": 0.19934640522875818,
    "E": 0.10130718954248366,
    "I": 0.05228758169934641,
    "O": 0.13725490196078433,
    "U": 0.049019607843137254,
    " ": 0.2549019607843137,
    "W": 0.0457516339869281,
    "Y": 0.05555555555555555,
    "Å": 0.016339869281045753,
    "N": 0.05228758169934641,
    "'": 0.02287581699346405,
    "G": 0.0032679738562091504,
    "K": 0.0032679738562091504,
    "M": 0.006535947712418301
  },
  "W": {
    " ": 0.0821917808219178,
    "A": 0.3698630136986301,
    "O": 0.3013698630136986,
    "H": 0.0958904109589041,
    "Å": 0.0410958904109589,
    "E": 0.0410958904109589,
    "U": 0.0547945205479452,
    "I": 0.0136986301369863
  },
  "U": {
    "N": 0.3231707317073171,
    " ": 0.4329268292682927,
    "O": 0.018292682926829267,
    "Y": 0.012195121951219513,
    "H": 0.09146341463414634,
    "K": 0.012195121951219513,
    "G": 0.006097560975609756,
    "E": 0.036585365853658534,
    "A": 0.03048780487804878,
    "B": 0.006097560975609756,
    "R": 0.012195121951219513,
    "C": 0.012195121951219513,
    "L": 0.006097560975609756
  },
  "M": {
    " ": 0.576530612244898,
    "I": 0.04081632653061224,
    "O": 0.1326530612244898,
    "U": 0.05102040816326531,
    "Y": 0.05102040816326531,
    "A": 0.09183673469387756,
    "E": 0.02040816326530612,
    "G": 0.02040816326530612,
    "K": 0.015306122448979591
  },
  "R": {
    " ": 0.2125,
    "E": 0.0625,
    "H": 0.1,
    "I": 0.0875,
    "O": 0.1,
    "Y": 0.3125,
    "A": 0.125
  },
  "J": {
    "A": 0.1,
    "E": 0.3333333333333333,
    "I": 0.06666666666666667,
    "O": 0.23333333333333334,
    "U": 0.18333333333333332,
    "H": 0.05,
    "W": 0.016666666666666666,
    "Å": 0.016666666666666666
  },
  "L": {
    " ": 0.7884615384615384,
    "E": 0.07692307692307693,
    "I": 0.07692307692307693,
    "A": 0.019230769230769232,
    "Y": 0.038461538461538464
  },
  "P": {
    "A": 0.3277310924369748,
    "O": 0.11764705882352941,
    "Y": 0.16806722689075632,
    "I": 0.058823529411764705,
    "U": 0.04201680672268908,
    "E": 0.06722689075630252,
    "H": 0.08403361344537816,
    "Å": 0.008403361344537815,
    "'": 0.07563025210084033,
    " ": 0.05042016806722689
  },
  "Q": { "U": 1.0 },
  "S": {
    "E": 0.17293233082706766,
    "H": 0.09022556390977443,
    "I": 0.08270676691729323,
    "O": 0.21804511278195488,
    "U": 0.22556390977443608,
    "Å": 0.06766917293233082,
    "A": 0.13533834586466165,
    " ": 0.007518796992481203
  },
  "T": {
    "A": 0.49019607843137253,
    "O": 0.3333333333333333,
    "H": 0.0784313725490196,
    "E": 0.0392156862745098,
    "'": 0.058823529411764705
  },
  "D": {
    "E": 0.10714285714285714,
    "A": 0.2857142857142857,
    "O": 0.5,
    "H": 0.10714285714285714
  },
  "Ž": {
    " ": 0.35294117647058826,
    "S": 0.058823529411764705,
    "N": 0.47058823529411764,
    "G": 0.058823529411764705,
    "M": 0.058823529411764705
  },
  "Å": {
    "Ž": 0.8205128205128205,
    "-": 0.1282051282051282
  },
  "V": { "A": 0.5, "O": 0.5 },
  "'": {
    "A": 0.5,
    "O": 0.07142857142857142,
    "Å": 0.07142857142857142,
    "I": 0.07142857142857142,
    "Y": 0.21428571428571427,
    "U": 0.07142857142857142
  },
  "Z": { "A": 0.5, "O": 0.5 },
  "-": { "N": 1.0 }
}
