{
  "A": { "B": 0.92, " ": 0.08 },
  "B": { "C": 0.7666666666666667, " ": 0.23333333333333334 },
  "C": { "D": 0.9259259259259259, " ": 0.07407407407407407 },
  "D": { "E": 0.8275862068965517, " ": 0.1724137931034483 },
  "E": { "F": 0.8846153846153846, " ": 0.11538461538461539 },
  "F": { "G": 0.7931034482758621, " ": 0.20689655172413793 },
  "G": { "H": 0.8888888888888888, " ": 0.1111111111111111 },
  "H": { "I": 0.7586206896551724, " ": 0.2413793103448276 },
  "I": { "J": 0.9032258064516129, " ": 0.0967741935483871 },
  "J": { "K": 0.9655172413793104, " ": 0.034482758620689655 },
  "K": { "L": 0.90625, " ": 0.09375 },
  "L": { "M": 1.0 },
  "M": { "N": 0.7666666666666667, " ": 0.23333333333333334 },
  "N": { "O": 0.9259259259259259, " ": 0.07407407407407407 },
  "O": { "P": 0.8214285714285714, " ": 0.17857142857142858 },
  "P": { "Q": 0.8709677419354839, " ": 0.12903225806451613 },
  "Q": { "R": 0.9354838709677419, " ": 0.06451612903225806 },
  "R": { "S": 0.96875, " ": 0.03125 },
  "S": { "T": 1.0 },
  "T": { "U": 0.9333333333333333, " ": 0.06666666666666667 },
  "U": { "V": 0.9375, " ": 0.0625 },
  "V": { "W": 1.0 },
  "W": { "X": 0.896551724137931, " ": 0.10344827586206896 },
  "X": { "Y": 0.90625, " ": 0.09375 },
  "Z": { " ": 1.0 }
}
