{
  " ": {
    "A": 0.014314928425357873,
    "B": 0.08588957055214724,
    "C": 0.049079754601226995,
    "D": 0.0354464894342195,
    "E": 0.0054533060668029995,
    "F": 0.021813224267211998,
    "G": 0.0681663258350375,
    "H": 0.03135650988411725,
    "I": 0.0013633265167007499,
    "J": 0.027266530334014997,
    "K": 0.11997273346966598,
    "L": 0.043626448534423996,
    "M": 0.08111792774369461,
    "N": 0.026584867075664622,
    "O": 0.019768234492160874,
    "P": 0.06680299931833675,
    "R": 0.04158145875937287,
    "S": 0.12201772324471712,
    "T": 0.029993183367416496,
    "U": 0.0027266530334014998,
    "V": 0.0054533060668029995,
    "W": 0.07430129516019086,
    "Y": 0.004771642808452625,
    "Z": 0.021131561008861623
  },
  "A": {
    "B": 0.029957203994293864,
    "M": 0.025677603423680456,
    "C": 0.06276747503566334,
    "D": 0.024251069900142655,
    "F": 0.007132667617689016,
    "L": 0.09557774607703282,
    "N": 0.11554921540656206,
    " ": 0.21683309557774608,
    "U": 0.007132667617689016,
    "G": 0.018544935805991442,
    "I": 0.008559201141226819,
    "J": 0.03851640513552068,
    "S": 0.08131241084165478,
    "R": 0.11269614835948645,
    "T": 0.04850213980028531,
    "P": 0.021398002853067047,
    "W": 0.029957203994293864,
    "V": 0.008559201141226819,
    "Z": 0.017118402282453638,
    "H": 0.0014265335235378032,
    "K": 0.018544935805991442,
    "E": 0.0014265335235378032,
    "Y": 0.005706134094151213,
    "O": 0.0028530670470756064
  },
  "B": {
    "R": 0.13716814159292035,
    "I": 0.12389380530973451,
    "A": 0.18141592920353983,
    "O": 0.18141592920353983,
    "E": 0.11504424778761062,
    "L": 0.05309734513274336,
    "U": 0.10619469026548672,
    "Y": 0.02654867256637168,
    " ": 0.048672566371681415,
    "S": 0.008849557522123894,
    "K": 0.008849557522123894,
    "C": 0.004424778761061947,
    "B": 0.004424778761061947
  },
  "R": {
    "A": 0.1007905138339921,
    "S": 0.09881422924901186,
    "E": 0.09288537549407115,
    "Y": 0.0533596837944664,
    "Z": 0.10474308300395258,
    "O": 0.17391304347826086,
    " ": 0.10869565217391304,
    "B": 0.007905138339920948,
    "K": 0.021739130434782608,
    "N": 0.023715415019762844,
    "T": 0.019762845849802372,
    "G": 0.011857707509881422,
    "I": 0.04743083003952569,
    "U": 0.06521739130434782,
    "D": 0.011857707509881422,
    "L": 0.005928853754940711,
    "P": 0.007905138339920948,
    "M": 0.003952569169960474,
    "C": 0.021739130434782608,
    "W": 0.001976284584980237,
    "H": 0.003952569169960474,
    "R": 0.009881422924901186,
    "X": 0.001976284584980237
  },
  "M": {
    "C": 0.05084745762711865,
    "S": 0.03389830508474576,
    "B": 0.0211864406779661,
    " ": 0.025423728813559324,
    "O": 0.11440677966101695,
    "I": 0.2076271186440678,
    "A": 0.3008474576271186,
    "M": 0.0211864406779661,
    "L": 0.012711864406779662,
    "N": 0.01694915254237288,
    "E": 0.07203389830508475,
    "P": 0.025423728813559324,
    "U": 0.059322033898305086,
    "R": 0.01694915254237288,
    "Y": 0.00847457627118644,
    "K": 0.012711864406779662
  },
  "C": {
    "Z": 0.22093023255813954,
    "E": 0.029069767441860465,
    " ": 0.23837209302325582,
    "J": 0.0029069767441860465,
    "H": 0.27325581395348836,
    "K": 0.023255813953488372,
    "A": 0.03488372093023256,
    "O": 0.029069767441860465,
    "I": 0.10174418604651163,
    "L": 0.014534883720930232,
    "U": 0.0029069767441860465,
    "W": 0.00872093023255814,
    "Y": 0.011627906976744186,
    "C": 0.005813953488372093,
    "N": 0.0029069767441860465
  },
  "Y": {
    " ": 0.1987179487179487,
    "C": 0.057692307692307696,
    "N": 0.1346153846153846,
    "S": 0.10256410256410256,
    "L": 0.07051282051282051,
    "R": 0.04487179487179487,
    "M": 0.03205128205128205,
    "W": 0.01282051282051282,
    "Z": 0.03205128205128205,
    "K": 0.0641025641025641,
    "G": 0.01282051282051282,
    "D": 0.03205128205128205,
    "T": 0.01282051282051282,
    "B": 0.07692307692307693,
    "O": 0.03205128205128205,
    "Y": 0.00641025641025641,
    "P": 0.019230769230769232,
    "F": 0.00641025641025641,
    "A": 0.02564102564102564,
    "E": 0.019230769230769232,
    "U": 0.00641025641025641
  },
  "K": {
    " ": 0.6444444444444445,
    "O": 0.14853801169590644,
    "I": 0.01871345029239766,
    "N": 0.010526315789473684,
    "L": 0.01871345029239766,
    "A": 0.06432748538011696,
    "U": 0.03742690058479532,
    "D": 0.0011695906432748538,
    "E": 0.0152046783625731,
    "M": 0.007017543859649123,
    "R": 0.022222222222222223,
    "W": 0.005847953216374269,
    "Z": 0.0011695906432748538,
    "S": 0.0011695906432748538,
    "J": 0.0011695906432748538,
    "P": 0.0011695906432748538,
    "T": 0.0011695906432748538
  },
  "L": {
    " ": 0.10230179028132992,
    "B": 0.023017902813299233,
    "E": 0.1483375959079284,
    "I": 0.12020460358056266,
    "N": 0.028132992327365727,
    "S": 0.08439897698209718,
    "K": 0.023017902813299233,
    "A": 0.12531969309462915,
    "O": 0.16112531969309463,
    "L": 0.030690537084398978,
    "U": 0.07672634271099744,
    "C": 0.015345268542199489,
    "G": 0.010230179028132993,
    "M": 0.01278772378516624,
    "W": 0.005115089514066497,
    "T": 0.0076726342710997444,
    "D": 0.005115089514066497,
    "Y": 0.01278772378516624,
    "Z": 0.005115089514066497,
    "V": 0.0025575447570332483
  },
  "D": {
    "A": 0.08235294117647059,
    "F": 0.0058823529411764705,
    " ": 0.10588235294117647,
    "E": 0.1,
    "R": 0.11176470588235295,
    "N": 0.029411764705882353,
    "I": 0.03529411764705882,
    "T": 0.0058823529411764705,
    "Z": 0.17058823529411765,
    "Y": 0.047058823529411764,
    "O": 0.14705882352941177,
    "U": 0.07647058823529412,
    "L": 0.047058823529411764,
    "G": 0.011764705882352941,
    "S": 0.011764705882352941,
    "K": 0.0058823529411764705,
    "W": 0.0058823529411764705
  },
  "I": {
    " ": 0.13453815261044177,
    "N": 0.1746987951807229,
    "E": 0.23493975903614459,
    "L": 0.07429718875502007,
    "A": 0.060240963855421686,
    "S": 0.0642570281124498,
    "K": 0.024096385542168676,
    "M": 0.010040160642570281,
    "C": 0.07429718875502007,
    "O": 0.02208835341365462,
    "U": 0.010040160642570281,
    "Z": 0.010040160642570281,
    "G": 0.020080321285140562,
    "R": 0.010040160642570281,
    "D": 0.020080321285140562,
    "B": 0.006024096385542169,
    "T": 0.03413654618473896,
    "P": 0.006024096385542169,
    "Q": 0.002008032128514056,
    "F": 0.002008032128514056,
    "V": 0.002008032128514056,
    "W": 0.002008032128514056,
    "Y": 0.002008032128514056
  },
  "F": {
    "E": 0.14285714285714285,
    "I": 0.17857142857142858,
    "A": 0.14285714285714285,
    "L": 0.07142857142857142,
    "O": 0.125,
    "R": 0.14285714285714285,
    "U": 0.03571428571428571,
    "F": 0.05357142857142857,
    "M": 0.017857142857142856,
    " ": 0.07142857142857142,
    "S": 0.017857142857142856
  },
  "E": {
    "L": 0.08558558558558559,
    "C": 0.05555555555555555,
    "X": 0.003003003003003003,
    " ": 0.2957957957957958,
    "R": 0.09309309309309309,
    "J": 0.015015015015015015,
    "S": 0.052552552552552555,
    "Y": 0.003003003003003003,
    "W": 0.09009009009009009,
    "N": 0.07057057057057058,
    "D": 0.02252252252252252,
    "Z": 0.021021021021021023,
    "G": 0.02252252252252252,
    "T": 0.03453453453453453,
    "B": 0.013513513513513514,
    "M": 0.03903903903903904,
    "K": 0.010510510510510511,
    "I": 0.018018018018018018,
    "V": 0.006006006006006006,
    "E": 0.0045045045045045045,
    "O": 0.003003003003003003,
    "A": 0.010510510510510511,
    "H": 0.0045045045045045045,
    "F": 0.009009009009009009,
    "P": 0.015015015015015015,
    "U": 0.0015015015015015015
  },
  "N": {
    "O": 0.15601023017902813,
    "D": 0.056265984654731455,
    "T": 0.028132992327365727,
    "I": 0.15601023017902813,
    "S": 0.27877237851662406,
    "A": 0.05370843989769821,
    " ": 0.13554987212276215,